{
  "clock_ratio": 1.0,
  "speed": 1.0,
  "speed_offset": 0.0,
  "chirp0_meas": 48000,
  "chirp1_meas": 122669312,
  "chirp0_nominal": 48000,
  "expected_chirp0": 48000,
  "expected_spacing": 122621312,
  "measured_spacing": 122621312,
  "resample_num": 1,
  "resample_den": 1,
  "align": 0,
  "sounder": {
    "noise_floor_dbfs": -171.56486465603192,
    "snr_db_median": 126.63000135655099,
    "flutter_wrms_pct": 3.1909554372873327e-11
  }
}