{
  "hypothesis": "H4_chirp_css",
  "verdict": "REJECT",
  "threshold_net_bps": 478.05440586057387,
  "threshold_P_full_condition": "strictly > B0",
  "B0_net_bps": 478.05440586057387,
  "B0_P_full": 1.0,
  "best_sf": 6,
  "normal_tape": {
    "all_sf_results": [
      {
        "sf": 6,
        "n_chips": 64,
        "tape_preset": "normal",
        "name": "H4_css_sf6",
        "gross_bps": 842.1052631578947,
        "raw_bit_error_rate": 0.5059750000000001,
        "erasure_rate": 0.0,
        "per_seed_ber": [
          0.50175,
          0.51975,
          0.50675,
          0.5045,
          0.5105,
          0.49525,
          0.513,
          0.5075,
          0.495,
          0.5025,
          0.50825,
          0.5025,
          0.5015,
          0.5045,
          0.506,
          0.535,
          0.5035,
          0.48775,
          0.51525,
          0.49875
        ],
        "per_seed_erasure": [
          0.0,
          0.0,
          0.0,
          0.0,
          0.0,
          0.0,
          0.0,
          0.0,
          0.0,
          0.0,
          0.0,
          0.0,
          0.0,
          0.0,
          0.0,
          0.0,
          0.0,
          0.0,
          0.0,
          0.0
        ],
        "n_seeds": 20,
        "payload_bits": 4000,
        "capture_key": "usb_soundcard",
        "proj_raw_ber": 0.5059750000000001,
        "proj_erasure_rate": 0.0,
        "proj_gross_bps": 842.1052631578947,
        "proj_rate_bit_errors": 0.05,
        "proj_erasure_overhead": 0.05,
        "proj_required_code_rate": 0.047619047619047616,
        "proj_net_bps": 40.100250626566414,
        "proj_MB_C90_stereo": 0.05387468671679198,
        "proj_MB_C60_stereo": 0.03582957393483709,
        "proj_MB_C90_mono": 0.02693734335839599,
        "proj_MB_C60_mono": 0.017914786967418547,
        "proj_P_full": 0.0,
        "proj_payload_bytes": 1271000.0,
        "proj_target_P": 0.95,
        "proj_fits_C90_stereo": false,
        "proj_fits_C60_stereo": false,
        "net_bps": 40.100250626566414,
        "required_code_rate": 0.047619047619047616,
        "MB_C90_stereo": 0.05387468671679198,
        "MB_C60_stereo": 0.03582957393483709,
        "P_full": 0.0
      },
      {
        "sf": 7,
        "n_chips": 128,
        "tape_preset": "normal",
        "name": "H4_css_sf7",
        "gross_bps": 501.0438413361169,
        "raw_bit_error_rate": 0.5089625,
        "erasure_rate": 0.0,
        "per_seed_ber": [
          0.53275,
          0.4965,
          0.5,
          0.515,
          0.51325,
          0.49875,
          0.50625,
          0.532,
          0.51525,
          0.5035,
          0.54325,
          0.49725,
          0.524,
          0.4835,
          0.4985,
          0.51025,
          0.495,
          0.5135,
          0.495,
          0.50575
        ],
        "per_seed_erasure": [
          0.0,
          0.0,
          0.0,
          0.0,
          0.0,
          0.0,
          0.0,
          0.0,
          0.0,
          0.0,
          0.0,
          0.0,
          0.0,
          0.0,
          0.0,
          0.0,
          0.0,
          0.0,
          0.0,
          0.0
        ],
        "n_seeds": 20,
        "payload_bits": 4000,
        "capture_key": "usb_soundcard",
        "proj_raw_ber": 0.5089625,
        "proj_erasure_rate": 0.0,
        "proj_gross_bps": 501.0438413361169,
        "proj_rate_bit_errors": 0.05,
        "proj_erasure_overhead": 0.05,
        "proj_required_code_rate": 0.047619047619047616,
        "proj_net_bps": 23.859230539815087,
        "proj_MB_C90_stereo": 0.03205487623024157,
        "proj_MB_C60_stereo": 0.02131822248732478,
        "proj_MB_C90_mono": 0.016027438115120786,
        "proj_MB_C60_mono": 0.01065911124366239,
        "proj_P_full": 0.0,
        "proj_payload_bytes": 1271000.0,
        "proj_target_P": 0.95,
        "proj_fits_C90_stereo": false,
        "proj_fits_C60_stereo": false,
        "net_bps": 23.859230539815087,
        "required_code_rate": 0.047619047619047616,
        "MB_C90_stereo": 0.03205487623024157,
        "MB_C60_stereo": 0.02131822248732478,
        "P_full": 0.0
      },
      {
        "sf": 8,
        "n_chips": 256,
        "tape_preset": "normal",
        "name": "H4_css_sf8",
        "gross_bps": 289.9251026818072,
        "raw_bit_error_rate": 0.5074500000000001,
        "erasure_rate": 0.0,
        "per_seed_ber": [
          0.50175,
          0.5065,
          0.4975,
          0.511,
          0.5205,
          0.51175,
          0.4925,
          0.5,
          0.49225,
          0.505,
          0.50575,
          0.51,
          0.52375,
          0.5025,
          0.54275,
          0.5095,
          0.50125,
          0.5105,
          0.5065,
          0.49775
        ],
        "per_seed_erasure": [
          0.0,
          0.0,
          0.0,
          0.0,
          0.0,
          0.0,
          0.0,
          0.0,
          0.0,
          0.0,
          0.0,
          0.0,
          0.0,
          0.0,
          0.0,
          0.0,
          0.0,
          0.0,
          0.0,
          0.0
        ],
        "n_seeds": 20,
        "payload_bits": 4000,
        "capture_key": "usb_soundcard",
        "proj_raw_ber": 0.5074500000000001,
        "proj_erasure_rate": 0.0,
        "proj_gross_bps": 289.9251026818072,
        "proj_rate_bit_errors": 0.05,
        "proj_erasure_overhead": 0.05,
        "proj_required_code_rate": 0.047619047619047616,
        "proj_net_bps": 13.805957270562246,
        "proj_MB_C90_stereo": 0.01854830359300038,
        "proj_MB_C60_stereo": 0.012335622821247366,
        "proj_MB_C90_mono": 0.00927415179650019,
        "proj_MB_C60_mono": 0.006167811410623683,
        "proj_P_full": 0.0,
        "proj_payload_bytes": 1271000.0,
        "proj_target_P": 0.95,
        "proj_fits_C90_stereo": false,
        "proj_fits_C60_stereo": false,
        "net_bps": 13.805957270562246,
        "required_code_rate": 0.047619047619047616,
        "MB_C90_stereo": 0.01854830359300038,
        "MB_C60_stereo": 0.012335622821247366,
        "P_full": 0.0
      }
    ],
    "best": {
      "sf": 6,
      "n_chips": 64,
      "tape_preset": "normal",
      "name": "H4_css_sf6",
      "gross_bps": 842.1052631578947,
      "raw_bit_error_rate": 0.5059750000000001,
      "erasure_rate": 0.0,
      "per_seed_ber": [
        0.50175,
        0.51975,
        0.50675,
        0.5045,
        0.5105,
        0.49525,
        0.513,
        0.5075,
        0.495,
        0.5025,
        0.50825,
        0.5025,
        0.5015,
        0.5045,
        0.506,
        0.535,
        0.5035,
        0.48775,
        0.51525,
        0.49875
      ],
      "per_seed_erasure": [
        0.0,
        0.0,
        0.0,
        0.0,
        0.0,
        0.0,
        0.0,
        0.0,
        0.0,
        0.0,
        0.0,
        0.0,
        0.0,
        0.0,
        0.0,
        0.0,
        0.0,
        0.0,
        0.0,
        0.0
      ],
      "n_seeds": 20,
      "payload_bits": 4000,
      "capture_key": "usb_soundcard",
      "proj_raw_ber": 0.5059750000000001,
      "proj_erasure_rate": 0.0,
      "proj_gross_bps": 842.1052631578947,
      "proj_rate_bit_errors": 0.05,
      "proj_erasure_overhead": 0.05,
      "proj_required_code_rate": 0.047619047619047616,
      "proj_net_bps": 40.100250626566414,
      "proj_MB_C90_stereo": 0.05387468671679198,
      "proj_MB_C60_stereo": 0.03582957393483709,
      "proj_MB_C90_mono": 0.02693734335839599,
      "proj_MB_C60_mono": 0.017914786967418547,
      "proj_P_full": 0.0,
      "proj_payload_bytes": 1271000.0,
      "proj_target_P": 0.95,
      "proj_fits_C90_stereo": false,
      "proj_fits_C60_stereo": false,
      "net_bps": 40.100250626566414,
      "required_code_rate": 0.047619047619047616,
      "MB_C90_stereo": 0.05387468671679198,
      "MB_C60_stereo": 0.03582957393483709,
      "P_full": 0.0
    }
  },
  "worn_tape": {
    "sf": 6,
    "result": {
      "sf": 6,