{
  "name": "H3_ofdm_qam",
  "hypothesis": "H3",
  "description": "OFDM QAM with pilot-tracked equalization and per-subcarrier bit-loading",
  "N_FFT": 512,
  "N_CP": 64,
  "n_data_sc": 89,
  "n_pilot_sc": 13,
  "bits_per_ofdm_sym": 150,
  "sc_low": 5,
  "sc_high": 106,
  "f_low_hz": 400.0,
  "f_high_hz": 10000.0,
  "normal": {
    "name": "H3_ofdm_qam",
    "gross_bps": 6172.83950617284,
    "raw_bit_error_rate": 0.08903749999999998,
    "erasure_rate": 0.0,
    "per_seed_ber": [
      0.0,
      0.0,
      0.0005,
      0.0,
      0.277,
      0.0005,
      0.0,
      0.01025,
      0.365,
      0.018,
      0.0,
      0.33375,
      0.347,
      0.0005,
      0.00025,
      0.001,
      0.05575,
      0.3575,
      0.01375,
      0.0
    ],
    "per_seed_erasure": [
      0.0,
      0.0,
      0.0,
      0.0,
      0.0,
      0.0,
      0.0,
      0.0,
      0.0,
      0.0,
      0.0,
      0.0,
      0.0,
      0.0,
      0.0,
      0.0,
      0.0,
      0.0,
      0.0,
      0.0
    ],
    "n_seeds": 20,
    "payload_bits": 4000,
    "tape_preset": "normal",
    "capture_key": "usb_soundcard",
    "raw_ber": 0.08903749999999998,
    "rate_bit_errors": 0.1,
    "erasure_overhead": 0.05,
    "required_code_rate": 0.09523809523809523,
    "net_bps": 587.8894767783656,
    "MB_C90_stereo": 0.7898295120517342,
    "MB_C60_stereo": 0.5252792475014697,
    "MB_C90_mono": 0.3949147560258671,
    "MB_C60_mono": 0.26263962375073485,
    "P_full": 1.0,
    "payload_bytes": 1271000.0,
    "target_P": 0.95,
    "fits_C90_stereo": false,
    "fits_C60_stereo": false
  },
  "worn": {
    "name": "H3_ofdm_qam",
    "gross_bps": 6172.83950617284,
    "raw_bit_error_rate": 0.20828124999999997,
    "erasure_rate": 0.0,
    "per_seed_ber": [
      0.03625,
      0.028,
      0.0495,
      0.04475,
      0.5395,
      0.14825,
      0.07425,
      0.14875,
      0.45175,
      0.54525,
      0.0445,
      0.46875,
      0.512,
      0.20825,
      0.02375,
      0.009
    ],
    "per_seed_erasure": [
      0.0,
      0.0,
      0.0,
      0.0,
      0.0,
      0.0,
      0.0,
      0.0,
      0.0,
      0.0,
      0.0,
      0.0,
      0.0,
      0.0,
      0.0,
      0.0
    ],
    "n_seeds": 16,
    "payload_bits": 4000,
    "tape_preset": "worn",
    "capture_key": "usb_soundcard",
    "raw_ber": 0.20828124999999997,
    "rate_bit_errors": 0.05,
    "erasure_overhead": 0.05,
    "required_code_rate": 0.047619047619047616,
    "net_bps": 293.9447383891828,
    "MB_C90_stereo": 0.3949147560258671,
    "MB_C60_stereo": 0.26263962375073485,
    "MB_C90_mono": 0.19745737801293356,
    "MB_C60_mono": 0.13131981187536743,
    "P_full": 0.0,
    "payload_bytes": 1271000.0,
    "target_P": 0.95,
    "fits_C90_stereo": false,
    "fits_C60_stereo": false
  },
  "B0_net_bps": 478.054,
  "H3_threshold_bps": 956.108,
  "net_bps": 587.8894767783656,
  "gross_bps": 6172.83950617284,
  "raw_bit_error_rate": 0.08903749999999998,
  "erasure_rate": 0.0,
  "P_full": 1.0,
  "MB_C90_stereo": 0.7898295120517342,
  "ratio_vs_b0": 1.2297553765440006,
  "verdict": "REJECT"
}