{
  "name": "H1_fountain_lt_bfsk",
  "hypothesis": "H1",
  "tape_preset_normal": {
    "name": "H1_fountain_lt_bfsk",
    "gross_bps": 110.30425590587369,
    "raw_bit_error_rate": 0.5002875,
    "erasure_rate": 0.02777777777777778,
    "per_seed_ber": [
      0.4935,
      0.4915,
      0.4995,
      0.50425,
      0.501,
      0.4935,
      0.49775,
      0.511,
      0.49625,
      0.50825,
      0.50925,
      0.49125,
      0.5065,
      0.5035,
      0.506,
      0.5,
      0.49025,
      0.4855,
      0.51175,
      0.50525
    ],
    "per_seed_erasure": [
      0.0,
      0.0,
      0.0,
      0.0,
      0.1111111111111111,
      0.1111111111111111,
      0.0,
      0.0,
      0.1111111111111111,
      0.1111111111111111,
      0.0,
      0.0,
      0.1111111111111111,
      0.0,
      0.0,
      0.0,
      0.0,
      0.0,
      0.0,
      0.0
    ],
    "n_seeds": 20,
    "payload_bits": 4000,
    "tape_preset": "normal",
    "capture_key": "usb_soundcard",
    "projection": {
      "raw_ber": 0.5002875,
      "erasure_rate": 0.02777777777777778,
      "gross_bps": 110.30425590587369,
      "rate_bit_errors": 0.05,
      "erasure_overhead": 0.07857142857142857,
      "required_code_rate": 0.04635761589403974,
      "net_bps": 5.113442326762358,
      "MB_C90_stereo": 0.0068699097660052276,
      "MB_C60_stereo": 0.004568860718962166,
      "MB_C90_mono": 0.0034349548830026138,
      "MB_C60_mono": 0.002284430359481083,
      "P_full": 0.0,
      "payload_bytes": 1271000.0,
      "target_P": 0.95,
      "fits_C90_stereo": false,
      "fits_C60_stereo": false
    }
  },
  "tape_preset_worn": {
    "name": "H1_fountain_lt_bfsk",
    "gross_bps": 110.30425590587369,
    "raw_bit_error_rate": 0.5002875,
    "erasure_rate": 0.38055555555555554,
    "per_seed_ber": [
      0.4935,
      0.4915,
      0.4995,
      0.50425,
      0.501,
      0.4935,
      0.49775,
      0.511,
      0.49625,
      0.50825,
      0.50925,
      0.49125,
      0.5065,
      0.5035,
      0.506,
      0.5,
      0.49025,
      0.4855,
      0.51175,
      0.50525
    ],
    "per_seed_erasure": [
      0.4444444444444444,
      0.2222222222222222,
      0.2222222222222222,
      0.3333333333333333,
      0.5555555555555556,
      0.6666666666666666,
      0.2222222222222222,
      0.4444444444444444,
      0.2222222222222222,
      0.3333333333333333,
      0.2222222222222222,
      0.3333333333333333,
      0.4444444444444444,
      0.5,
      0.2222222222222222,
      0.5555555555555556,
      0.1111111111111111,
      0.1111111111111111,
      0.4444444444444444,
      1.0
    ],
    "n_seeds": 20,
    "payload_bits": 4000,
    "tape_preset": "worn",
    "capture_key": "usb_soundcard",
    "projection": {
      "raw_ber": 0.5002875,
      "erasure_rate": 0.38055555555555554,
      "gross_bps": 110.30425590587369,
      "rate_bit_errors": 0.05,
      "erasure_overhead": 0.6643497757847534,
      "required_code_rate": 0.030041762090798868,
      "net_bps": 3.3137342135268533,
      "MB_C90_stereo": 0.004452001915873327,
      "MB_C60_stereo": 0.0029608215197862433,
      "MB_C90_mono": 0.0022260009579366637,
      "MB_C60_mono": 0.0014804107598931217,
      "P_full": 0.0,
      "payload_bytes": 1271000.0,
      "target_P": 0.95,
      "fits_C90_stereo": false,
      "fits_C60_stereo": false
    }
  },
  "fountain_analytical_normal": {
    "K": 1271000,
    "N": 1461650,
    "overhead_fraction": 0.15,
    "per_frame_loss": 0.002,
    "p_full_mc": 1.0,
    "p_full_binomial": 1.0,
    "threshold_symbols": 1334550
  },
  "fountain_analytical_worn": {
    "K": 1271000,
    "N": 1461650,
    "overhead_fraction": 0.15,
    "per_frame_loss": 0.012,
    "p_full_mc": 1.0,
    "p_full_binomial": 1.0,
    "threshold_symbols": 1334550
  },
  "gross_bps": 110.30425590587369,
  "raw_bit_error_rate": 0.5002875,
  "erasure_rate": 0.02777777777777778,
  "net_bps": 5.113442326762358,
  "MB_C90_stereo": 0.0068699097660052276,
  "P_full": 1.0,
  "P_full_worn": 1.0,
  "overhead_fraction": 0.15,
  "b0_net_bps": 478.054,
  "b0_P_full_fixed_framing": 4.8210039997679574e-05,
  "verdict": "ACCEPT",
  "verdict_criteria": {
    "overhead_ok": true,
    "p_full_ok": true,
    "b0_precondition": true
  },
  "payload_bits": 4000,
  "n_seeds": 20,
  "K_target": 1271000
}