{
  "name": "H5_gcr_rll_nrzi",
  "verdict": "REJECT",
  "B0_net_bps": 478.1,
  "H5_threshold_bps": 717.1500000000001,
  "ratio_to_B0": 0.4553170358291821,
  "normal": {
    "name": "H5_gcr_rll_nrzi",
    "gross_bps": 4571.428571428572,
    "raw_bit_error_rate": 1.0,
    "erasure_rate": 0.0,
    "per_seed_ber": [
      1.0,
      1.0,
      1.0,
      1.0,
      1.0,
      1.0,
      1.0,
      1.0,
      1.0,
      1.0,
      1.0,
      1.0,
      1.0,
      1.0,
      1.0,
      1.0,
      1.0,
      1.0,
      1.0,
      1.0
    ],
    "per_seed_erasure": [
      0.0,
      0.0,
      0.0,
      0.0,
      0.0,
      0.0,
      0.0,
      0.0,
      0.0,
      0.0,
      0.0,
      0.0,
      0.0,
      0.0,
      0.0,
      0.0,
      0.0,
      0.0,
      0.0,
      0.0
    ],
    "n_seeds": 20,
    "payload_bits": 4000,
    "tape_preset": "normal",
    "capture_key": "usb_soundcard",
    "projection": {
      "raw_ber": 1.0,
      "erasure_rate": 0.0,
      "gross_bps": 4571.428571428572,
      "rate_bit_errors": 0.05,
      "erasure_overhead": 0.05,
      "required_code_rate": 0.047619047619047616,
      "net_bps": 217.68707482993196,
      "MB_C90_stereo": 0.2924625850340136,
      "MB_C60_stereo": 0.1945034013605442,
      "MB_C90_mono": 0.1462312925170068,
      "MB_C60_mono": 0.0972517006802721,
      "P_full": 0.0,
      "payload_bytes": 1271000.0,
      "target_P": 0.95,
      "fits_C90_stereo": false,
      "fits_C60_stereo": false
    }
  },
  "worn": {
    "name": "H5_gcr_rll_nrzi",
    "gross_bps": 4571.428571428572,
    "raw_bit_error_rate": 1.0,
    "erasure_rate": 0.0,
    "per_seed_ber": [
      1.0,
      1.0,
      1.0,
      1.0,
      1.0,
      1.0,
      1.0,
      1.0,
      1.0,
      1.0,
      1.0,
      1.0,
      1.0,
      1.0,
      1.0,
      1.0,
      1.0,
      1.0,
      1.0,
      1.0
    ],
    "per_seed_erasure": [
      0.0,
      0.0,
      0.0,
      0.0,
      0.0,
      0.0,
      0.0,
      0.0,
      0.0,
      0.0,
      0.0,
      0.0,
      0.0,
      0.0,
      0.0,
      0.0,
      0.0,
      0.0,
      0.0,
      0.0
    ],
    "n_seeds": 20,
    "payload_bits": 4000,
    "tape_preset": "worn",
    "capture_key": "usb_soundcard",
    "projection": {
      "raw_ber": 1.0,
      "erasure_rate": 0.0,
      "gross_bps": 4571.428571428572,
      "rate_bit_errors": 0.05,
      "erasure_overhead": 0.05,
      "required_code_rate": 0.047619047619047616,
      "net_bps": 217.68707482993196,
      "MB_C90_stereo": 0.2924625850340136,
      "MB_C60_stereo": 0.1945034013605442,
      "MB_C90_mono": 0.1462312925170068,
      "MB_C60_mono": 0.0972517006802721,
      "P_full": 0.0,
      "payload_bytes": 1271000.0,
      "target_P": 0.95,
      "fits_C90_stereo": false,
      "fits_C60_stereo": false
    }
  },
  "gross_bps": 4571.428571428572,
  "raw_bit_error_rate": 1.0,
  "erasure_rate": 0.0,
  "net_bps": 217.68707482993196,
  "MB_C90_stereo": 0.2924625850340136,
  "MB_C60_stereo": 0.1945034013605442,
  "P_full": 0.0,
  "required_code_rate": 0.047619047619047616,
  "baud_rate": 8000,
  "samples_per_sym": 6,
  "gcr_code": "4b5b",
  "gcr_overhead_fraction": 0.25,
  "modulation": "NRZI_bandlimited_RRC",
  "clock_recovery": "early_late_gate_PLL",
  "sync": "chirp_preamble_0.25s",
  "model_fidelity_caveat": "channel.py is LINEAR+bandlimited (AWGN + LPF + wow/flutter + burst). It does NOT model magnetic saturation/hysteresis. GCR/RLL earn their advantage on a SATURATING magnetic channel. A sim REJECTION here is informative about model fidelity, not necessarily about code performance on real tape."
}