{
  "hypothesis": "H2_mfsk_olivia",
  "verdict": "ACCEPT",
  "threshold_net_bps": 717.1,
  "B0_net_bps": 478.05,
  "ratio_vs_B0": 2.25,
  "best_config_normal": {
    "label": "mfsk32_noFEC",
    "M": 32,
    "walsh_k": 0,
    "delta_f_hz": 309.6774193548387,
    "T_sym_ms": 3.2291666666666665,
    "tape_preset": "normal",
    "name": "H2_mfsk32_noFEC",
    "gross_bps": 1411.764705882353,
    "raw_bit_error_rate": 0.0021125000000000002,
    "erasure_rate": 0.0,
    "per_seed_ber": [
      0.00125,
      0.002,
      0.00125,
      0.00125,
      0.002,
      0.00125,
      0.00125,
      0.00125,
      0.004,
      0.0,
      0.0,
      0.00775,
      0.003,
      0.00125,
      0.00125,
      0.0035,
      0.00125,
      0.0075,
      0.0,
      0.00125
    ],
    "per_seed_erasure": [
      0.0,
      0.0,
      0.0,
      0.0,
      0.0,
      0.0,
      0.0,
      0.0,
      0.0,
      0.0,
      0.0,
      0.0,
      0.0,
      0.0,
      0.0,
      0.0,
      0.0,
      0.0,
      0.0,
      0.0
    ],
    "n_seeds": 20,
    "payload_bits": 4000,
    "capture_key": "usb_soundcard",
    "raw_ber": 0.0021125000000000002,
    "rate_bit_errors": 0.8,
    "erasure_overhead": 0.05,
    "required_code_rate": 0.7619047619047619,
    "net_bps": 1075.6302521008402,
    "MB_C90_stereo": 1.4451092436974786,
    "MB_C60_stereo": 0.9610756302521006,
    "MB_C90_mono": 0.7225546218487393,
    "MB_C60_mono": 0.4805378151260503,
    "P_full": 1.0,
    "payload_bytes": 1271000.0,
    "target_P": 0.95,
    "fits_C90_stereo": true,
    "fits_C60_stereo": false
  },
  "all_configs_normal": [
    {
      "label": "mfsk32_noFEC",
      "M": 32,
      "walsh_k": 0,
      "delta_f_hz": 309.6774193548387,
      "T_sym_ms": 3.2291666666666665,
      "tape_preset": "normal",
      "name": "H2_mfsk32_noFEC",
      "gross_bps": 1411.764705882353,
      "raw_bit_error_rate": 0.0021125000000000002,
      "erasure_rate": 0.0,
      "per_seed_ber": [
        0.00125,
        0.002,
        0.00125,
        0.00125,
        0.002,
        0.00125,
        0.00125,
        0.00125,
        0.004,
        0.0,
        0.0,
        0.00775,
        0.003,
        0.00125,
        0.00125,
        0.0035,
        0.00125,
        0.0075,
        0.0,
        0.00125
      ],
      "per_seed_erasure": [
        0.0,
        0.0,
        0.0,
        0.0,
        0.0,
        0.0,
        0.0,
        0.0,
        0.0,
        0.0,
        0.0,
        0.0,
        0.0,
        0.0,
        0.0,
        0.0,
        0.0,
        0.0,
        0.0,
        0.0
      ],
      "n_seeds": 20,
      "payload_bits": 4000,
      "capture_key": "usb_soundcard",
      "raw_ber": 0.0021125000000000002,
      "rate_bit_errors": 0.8,
      "erasure_overhead": 0.05,
      "required_code_rate": 0.7619047619047619,
      "net_bps": 1075.6302521008402,
      "MB_C90_stereo": 1.4451092436974786,
      "MB_C60_stereo": 0.9610756302521006,
      "MB_C90_mono": 0.7225546218487393,
      "MB_C60_mono": 0.4805378151260503,
      "P_full": 1.0,
      "payload_bytes": 1271000.0,
      "target_P": 0.95,
      "fits_C90_stereo": true,
      "fits_C60_stereo": false
    },
    {
      "label": "mfsk64_noFEC",
      "M": 64,
      "walsh_k": 0,
      "delta_f_hz": 152.38095238095238,
      "T_sym_ms": 6.5625,
      "tape_preset": "normal",
      "name": "H2_mfsk64_noFEC",
      "gross_bps": 864.456000540285,
      "raw_bit_error_rate": 0.0012875000000000002,
      "erasure_rate": 0.0,
      "per_seed_ber": [
        0.002,
        0.001,
        0.001,
        0.0015,
        0.001,
        0.002,
        0.00175,
        0.00125,
        0.00225,
        0.00025,
        0.00025,
        0.00125,
        0.00125,
        0.0015,
        0.001,
        0.0015,
        0.00175,
        0.0015,
        0.00025,
        0.0015
      ],
      "per_seed_erasure": [
        0.0,
        0.0,
        0.0,
        0.0,
        0.0,
        0.0,
        0.0,
        0.0,
        0.0,
        0.0,
        0.0,
        0.0,
        0.0,
        0.0,
        0.0,
        0.0,
        0.0,
        0.0,
        0.0,
        0.0
      ],
      "n_seeds": 20,
      "payload_bits": 4000,
      "capture_key": "usb_soundcard",
      "raw_ber": 0.0012875000000000002,
      "rate_bit_errors": 0.8,
      "erasure_overhead": 0.05,
      "required_code_rate": 0.7619047619047619,
      "net_bps": 658.6331432687886,
      "MB_C90_stereo": 0.8848736279816175,
      "MB_C60_stereo": 0.5884887135106626,
      "MB_C90_mono": 0.44243681399080875,
      "MB_C60_mono": 0.2942443567553313,
      "P_full": 1.0,
      "payload_bytes": 1271000.0,
      "target_P": 0.95,
      "fits_C90_stereo": false,
      "fits_C60_stereo": false
    },
    {
      "label": "mfsk32_walsh2",
      "M": 32,
      "walsh_k": 2,
      "delta_f_hz": 309.6774193548387,
      "T_sym_ms": 3.2291666666666665,
      "tape_preset": "normal",
      "name": "H2_mfsk32_walsh2",
      "gross_bps": 738.4615384615385,
      "raw_bit_error_rate": 0.0014750000000000002,
      "erasure_rate": 0.0,
      "per_seed_ber": [
        0.001,
        0.001,
        0.001,
        0.001,
        0.001,
        0.001,
        0.001,
        0.0015,
        0.00475,
        0.0,
        0.0,
        0.005,
        0.00275,
        0.001,
        0.0015,
        0.00125,
        0.0015,
        0.00225,
        0.0,
        0.001
      ],
      "per_seed_erasure": [
        0.0,
        0.0,
        0.0,
        0.0,
        0.0,
        0.0,
        0.0,
        0.0,
        0.0,
        0.0,
        0.0,
        0.0,
        0.0,
        0.0,
        0.0,
        0.0,
        0.0,
        0.0,
        0.0,
        0.0
      ],
      "n_seeds": 20,
      "payload_bits": 4000,
      "capture_key": "usb_soundcard",
      "raw_ber": 0.0014750000000000002,
      "rate_bit_errors": 0.8,
      "erasure_overhead": 0.05,
      "required_code_rate": 0.7619047619047619,
      "net_bps": 562.6373626373626,
      "MB_C90_stereo": 0.7559032967032966,
      "MB_C60_stereo": 0.5027164835164835,
      "MB_C90_mono": 0.3779516483516483,
      "MB_C60_mono": 0.25135824175824173,
      "P_full": 1.0,
      "payload_bytes": 1271000.0,
      "target_P": 0.95,
      "fits_C90_stereo": false,
      "fits_C60_stereo": false
    },
    {
      "label": "mfsk32_walsh3",
      "M": 32,
      "walsh_k": 3,
      "delta_f_hz": 309.6774193548387,
      "T_sym_ms": 3.2291666666666665,
      "tape_preset": "normal",
      "name": "H2_mfsk32_walsh3",
      "gross_bps": 559.88918859809,
      "raw_bit_error_rate": 0.0005875000000000001,
      "erasure_rate": 0.0,
      "per_seed_ber": [
        0.00025,
        0.00025,
        0.00025,
        0.00025,
        0.00025,
        0.00025,
        0.00025,
        0.0005,
        0.0025,
        0.0,
        0.0,
        0.0015,
        0.00175,
        0.00025,
        0.00075,
        0.0005,
        0.00025,
        0.00075,
        0.0,
        0.00125
      ],
      "per_seed_erasure": [
        0.0,
        0.0,
        0.0,
        0.0,
        0.0,
        0.0,
        0.0,
        0.0,
        0.0,
        0.0,
        0.0,
        0.0,
        0.0,
        0.0,
        0.0,
        0.0,
        0.0,
        0.0,
        0.0,
        0.0
      ],
      "n_seeds": 20,
      "payload_bits": 4000,
      "capture_key": "usb_soundcard",
      "raw_ber": 0.0005875000000000001,
      "rate_bit_errors": 0.85,
      "erasure_overhead": 0.05,
      "required_code_rate": 0.8095238095238094,
      "net_bps": 453.2436288651204,
      "MB_C90_stereo": 0.6089328153802892,
      "MB_C60_stereo": 0.40497318239098506,
      "MB_C90_mono": 0.3044664076901446,
      "MB_C60_mono": 0.20248659119549253,
      "P_full": 1.0,
      "payload_bytes": 1271000.0,
      "target_P": 0.95,
      "fits_C90_stereo": false,
      "fits_C60_stereo": false
    },
    {
      "label": "mfsk128_noFEC",
      "M": 128,
      "walsh_k": 0,
      "delta_f_hz": 75.59055118110236,