{
  "name": "B0_bfsk_cas3_1200",
  "gross_bps": 537.8753922008068,
  "raw_bit_error_rate": 1e-06,
  "raw_bit_error_rate_incl_erasures": 0.024962500000000002,
  "erasure_rate": 0.05,
  "per_seed_ber": [
    0.0,
    0.0,
    0.0,
    0.0,
    0.0,
    0.0,
    0.0,
    0.0,
    0.49925,
    0.0,
    0.0,
    0.0,
    0.0,
    0.0,
    0.0,
    0.0,
    0.0,
    0.0,
    0.0,
    0.0
  ],
  "per_seed_erasure": [
    0.0,
    0.0,
    0.0,
    0.0,
    0.0,
    0.0,
    0.0,
    0.0,
    1.0,
    0.0,
    0.0,
    0.0,
    0.0,
    0.0,
    0.0,
    0.0,
    0.0,
    0.0,
    0.0,
    0.0
  ],
  "fraction_complete": 0.95,
  "per_frame_loss_est": 0.002,
  "frames_for_target_payload": 4965,
  "P_full_fixed_framing": 4.8210039997679574e-05,
  "n_seeds": 20,
  "payload_bits": 4000,
  "tape_preset": "normal",
  "capture_key": "usb_soundcard",
  "proj_raw_ber": 1e-06,
  "proj_erasure_rate": 0.05,
  "proj_gross_bps": 537.8753922008068,
  "proj_rate_bit_errors": 0.98,
  "proj_erasure_overhead": 0.10263157894736843,
  "proj_required_code_rate": 0.8887828162291169,
  "proj_net_bps": 478.05440586057387,
  "proj_MB_C90_stereo": 0.642266094273681,
  "proj_MB_C60_stereo": 0.4271416116364227,
  "proj_MB_C90_mono": 0.3211330471368405,
  "proj_MB_C60_mono": 0.21357080581821136,
  "proj_P_full": 1.0,
  "proj_payload_bytes": 1271000.0,
  "proj_target_P": 0.95,
  "proj_fits_C90_stereo": false,
  "proj_fits_C60_stereo": false,
  "required_code_rate": 0.8887828162291169,
  "net_bps": 478.05440586057387,
  "MB_C90_stereo": 0.642266094273681,
  "MB_C60_stereo": 0.4271416116364227,
  "P_full": 1.0
}