{
  "experiment": "T4_bluetooth_narrow",
  "description": "Tests wideband reference modems (bfsk_b0, mfsk32) and a purpose-built narrowband BFSK modem through the Bluetooth HFP narrowband path (P5: lowpass 3400 Hz + libopus voip 12k + AGC).",
  "path": "bluetooth_hfp_narrow",
  "n_seeds": 12,
  "payload_bits": 2000,
  "tape_preset": "normal",
  "normal_tape_params": {
    "snr_db": 42.0,
    "bandwidth_hz": 12000.0,
    "wow_flutter_wrms": 0.001,
    "burst_rate_per_s": 0.3,
    "burst_length_ms": 6.0
  },
  "results": {
    "bfsk_b0": {
      "name": "B0_bfsk_cas3_1200",
      "path_key": "bluetooth_hfp_narrow",
      "path_kwargs": {},
      "gross_bps": 352.31943628890195,
      "raw_bit_error_rate": 0.49504166666666666,
      "erasure_rate": 1.0,
      "clean_decode_prob": 0.0,
      "corr_peak_mean": 0.8976229795716827,
      "corr_peak_min": 0.6349427253343419,
      "corr_peak_std": 0.08596398382246632,
      "per_seed_ber": [
        0.4995,
        0.4875,
        0.489,
        0.4965,
        0.498,
        0.4975,
        0.503,
        0.487,
        0.494,
        0.506,
        0.498,
        0.4845
      ],
      "per_seed_erasure": [
        1.0,
        1.0,
        1.0,
        1.0,
        1.0,
        1.0,
        1.0,
        1.0,
        1.0,
        1.0,
        1.0,
        1.0
      ],
      "per_seed_corr_peak": [
        0.6349427253343419,
        0.9863752370798468,
        0.9408442576332111,
        0.9056363678292985,
        0.9386888259129457,
        0.9093956234388715,
        0.8479330691178893,
        0.9130622640481795,
        0.8938550413929732,
        0.9588496498064417,
        0.9053869968040578,
        0.9365056964621359
      ],
      "per_seed_clean": [
        false,
        false,
        false,
        false,
        false,
        false,
        false,
        false,
        false,
        false,
        false,
        false
      ],
      "n_seeds": 12,
      "payload_bits": 2000,
      "tape_preset": "normal",
      "projection": {
        "raw_ber": 0.49504166666666666,
        "erasure_rate": 1.0,
        "gross_bps": 352.31943628890195,
        "rate_bit_errors": 0.05,
        "erasure_overhead": 19.049999999999983,
        "required_code_rate": 0.002493765586034915,
        "net_bps": 0.8786020855084844,
        "MB_C90_stereo": 0.001180401901880649,
        "MB_C60_stereo": 0.0007850309634018308,
        "MB_C90_mono": 0.0005902009509403245,
        "MB_C60_mono": 0.0003925154817009154,
        "P_full": 0.0,
        "payload_bytes": 1271000.0,
        "target_P": 0.95,
        "fits_C90_stereo": false,
        "fits_C60_stereo": false
      }
    },
    "mfsk32": {
      "name": "H2_mfsk32_noFEC",
      "path_key": "bluetooth_hfp_narrow",
      "path_kwargs": {},
      "gross_bps": 1411.764705882353,
      "raw_bit_error_rate": 0.37645833333333334,
      "erasure_rate": 0.0,
      "clean_decode_prob": 0.0,
      "corr_peak_mean": 0.685140592013986,
      "corr_peak_min": 0.32835900601148243,
      "corr_peak_std": 0.1867221002228613,
      "per_seed_ber": [
        0.366,
        0.366,
        0.3765,
        0.389,
        0.3835,
        0.379,
        0.376,
        0.37,
        0.37,
        0.3855,
        0.371,
        0.385
      ],
      "per_seed_erasure": [
        0.0,
        0.0,
        0.0,
        0.0,
        0.0,
        0.0,
        0.0,
        0.0,
        0.0,
        0.0,
        0.0,
        0.0
      ],
      "per_seed_corr_peak": [
        0.9026454259696552,
        0.9950694371573224,
        0.7233891667645637,
        0.5965696658057285,
        0.5601058976669278,
        0.6935720605620238,
        0.9165788920101459,
        0.7286161035241292,
        0.32835900601148243,
        0.702274182531242,
        0.6450111658044203,
        0.429496100360192
      ],
      "per_seed_clean": [
        false,
        false,
        false,
        false,
        false,
        false,
        false,
        false,
        false,
        false,
        false,
        false
      ],
      "n_seeds": 12,
      "payload_bits": 2000,
      "tape_preset": "normal",
      "projection": {
        "raw_ber": 0.37645833333333334,
        "erasure_rate": 0.0,
        "gross_bps": 1411.764705882353,
        "rate_bit_errors": 0.05,
        "erasure_overhead": 0.05,
        "required_code_rate": 0.047619047619047616,
        "net_bps": 67.22689075630251,
        "MB_C90_stereo": 0.09031932773109241,
        "MB_C60_stereo": 0.06006722689075629,
        "MB_C90_mono": 0.04515966386554621,
        "MB_C60_mono": 0.030033613445378145,
        "P_full": 0.0,
        "payload_bytes": 1271000.0,
        "target_P": 0.95,
        "fits_C90_stereo": false,
        "fits_C60_stereo": false
      }
    },
    "nb_bfsk_slow": {
      "name": "nb_bfsk_slow_1000_2000_600bd",
      "path_key": "bluetooth_hfp_narrow",
      "path_kwargs": {},
      "gross_bps": 342.85714285714283,
      "raw_bit_error_rate": 0.13599999999999998,
      "erasure_rate": 0.0,
      "clean_decode_prob": 0.0,
      "corr_peak_mean": 0.15685101727746265,
      "corr_peak_min": 0.13526981122544382,
      "corr_peak_std": 0.019725589435973665,
      "per_seed_ber": [
        0.155,
        0.0905,
        0.08,
        0.091,
        0.2965,
        0.0855,
        0.095,
        0.1195,
        0.18,
        0.185,
        0.0895,
        0.1645
      ],
      "per_seed_erasure": [
        0.0,
        0.0,
        0.0,
        0.0,
        0.0,
        0.0,
        0.0,
        0.0,
        0.0,
        0.0,
        0.0,
        0.0
      ],
      "per_seed_corr_peak": [
        0.14026058777770653,
        0.1881466123760679,
        0.1524968761712996,
        0.15570693905179397,
        0.18371309761855775,
        0.15067840571861021,
        0.13752744814359533,
        0.195676674838921,
        0.14536626474956432,
        0.1453132503319476,
        0.15205623932604365,
        0.13526981122544382
      ],
      "per_seed_clean": [
        false,
        false,
        false,
        false,
        false,
        false,
        false,
        false,
        false,
        false,
        false,
        false
      ],
      "n_seeds": 12,
      "payload_bits": 2000,
      "tape_preset": "normal",
      "projection": {
        "raw_ber": 0.13599999999999998,
        "erasure_rate": 0.0,
        "gross_bps": 342.85714285714283,
        "rate_bit_errors": 0.05,
        "erasure_overhead": 0.05,
        "required_code_rate": 0.047619047619047616,
        "net_bps": 16.326530612244895,
        "MB_C90_stereo": 0.021934693877551016,
        "MB_C60_stereo": 0.014587755102040814,
        "MB_C90_mono": 0.010967346938775508,
        "MB_C60_mono": 0.007293877551020407,
        "P_full": 0.0,
        "payload_bytes": 1271000.0,
        "target_P": 0.95,
        "fits_C90_stereo": false,
        "fits_C60_stereo": false
      }
    },
    "nb_bfsk_fast": {
      "name": "nb_bfsk_fast_800_1600_1200bd",
      "path_key": "bluetooth_hfp_narrow",
      "path_kwargs": {},
      "gross_bps": 480.0,
      "raw_bit_error_rate": 0.2940833333333333,
      "erasure_rate": 0.0,
      "clean_decode_prob": 0.0,
      "corr_peak_mean": 0.14123769959409246,
      "corr_peak_min": 0.102239714464757,
      "corr_peak_std": 0.02222474684351289,
      "per_seed_ber": [
        0.268,
        0.3285,
        0.2755,
        0.2655,
        0.309,
        0.3095,
        0.274,
        0.2835,
        0.3115,
        0.324,
        0.2855,
        0.2945
      ],
      "per_seed_erasure": [
        0.0,
        0.0,
        0.0,
        0.0,
        0.0,
        0.0,
        0.0,
        0.0,
        0.0,
        0.0,
        0.0,
        0.0
      ],