{
  "baseline_perplexity": 33.41910934448242,
  "critical_fraction": 0.24107299999999998,
  "tolerant_fraction": 0.7187699999999999
}