{
  "experiment": "c0_reference",
  "n_seeds": 16,
  "payload_bits": 4000,
  "tape_preset": "normal",
  "capture_key": "usb_soundcard",
  "deterministic_note": "RNG seeded deterministically via hc._random_bits(seed=0..n_seeds-1); channel is seed-deterministic in cs.full_chain. Re-running gives identical numbers.",
  "sanity_loopback_ber": 0.0,
  "B0": {
    "name": "B0_bfsk_cas3_1200",
    "gross_bps": 537.8753922008068,
    "raw_bit_error_rate": 1e-06,
    "raw_bit_error_rate_incl_erasures": 0.031203125,
    "erasure_rate": 0.0625,
    "per_seed_ber": [
      0.0,
      0.0,
      0.0,
      0.0,
      0.0,
      0.0,
      0.0,
      0.0,
      0.49925,
      0.0,
      0.0,
      0.0,
      0.0,
      0.0,
      0.0,
      0.0
    ],
    "per_seed_erasure": [
      0.0,
      0.0,
      0.0,
      0.0,
      0.0,
      0.0,
      0.0,
      0.0,
      1.0,
      0.0,
      0.0,
      0.0,
      0.0,
      0.0,
      0.0,
      0.0
    ],
    "fraction_complete": 0.9375,
    "per_frame_loss_est": 0.002,
    "frames_for_target_payload": 4965,
    "P_full_fixed_framing": 4.8210039997679574e-05,
    "n_seeds": 16,
    "payload_bits": 4000,
    "tape_preset": "normal",
    "capture_key": "usb_soundcard",
    "proj_raw_ber": 1e-06,
    "proj_erasure_rate": 0.0625,
    "proj_gross_bps": 537.8753922008068,
    "proj_rate_bit_errors": 0.98,
    "proj_erasure_overhead": 0.11666666666666667,
    "proj_required_code_rate": 0.8776119402985074,
    "proj_net_bps": 472.0458665881707,
    "proj_MB_C90_stereo": 0.6341936217612073,
    "proj_MB_C60_stereo": 0.42177298179653055,
    "proj_MB_C90_mono": 0.31709681088060365,
    "proj_MB_C60_mono": 0.21088649089826528,
    "proj_P_full": 1.0,
    "proj_payload_bytes": 1271000.0,
    "proj_target_P": 0.95,
    "proj_fits_C90_stereo": false,
    "proj_fits_C60_stereo": false,
    "required_code_rate": 0.8776119402985074,
    "net_bps": 472.0458665881707,
    "MB_C90_stereo": 0.6341936217612073,
    "MB_C60_stereo": 0.42177298179653055,
    "P_full": 1.0
  },
  "MFSK32": {
    "name": "H2_mfsk32_noFEC",
    "gross_bps": 1411.764705882353,
    "raw_bit_error_rate": 0.002015625,
    "erasure_rate": 0.0,
    "per_seed_ber": [
      0.00125,
      0.002,
      0.00125,
      0.00125,
      0.002,
      0.00125,
      0.00125,
      0.00125,
      0.004,
      0.0,
      0.0,
      0.00775,
      0.003,
      0.00125,
      0.00125,
      0.0035
    ],
    "per_seed_erasure": [
      0.0,
      0.0,
      0.0,
      0.0,
      0.0,
      0.0,
      0.0,
      0.0,
      0.0,
      0.0,
      0.0,
      0.0,
      0.0,
      0.0,
      0.0,
      0.0
    ],
    "n_seeds": 16,
    "payload_bits": 4000,
    "tape_preset": "normal",
    "capture_key": "usb_soundcard",
    "raw_ber": 0.002015625,
    "rate_bit_errors": 0.8,
    "erasure_overhead": 0.05,
    "required_code_rate": 0.7619047619047619,
    "net_bps": 1075.6302521008402,
    "MB_C90_stereo": 1.4451092436974786,
    "MB_C60_stereo": 0.9610756302521006,
    "MB_C90_mono": 0.7225546218487393,
    "MB_C60_mono": 0.4805378151260503,
    "P_full": 1.0,
    "payload_bytes": 1271000.0,
    "target_P": 0.95,
    "fits_C90_stereo": true,
    "fits_C60_stereo": false
  }
}