{
  "experiment": "c4_ofdm_bitload",
  "n_seeds": 16,
  "payload_bits": 4000,
  "N_FFT": 256,
  "N_CP": 32,
  "gap_db": 9.0,
  "max_bps": 4,
  "n_data_sc": 39,
  "n_pilots": 13,
  "bits_per_ofdm_sym": 49,
  "bps_histogram": {
    "0": 0,
    "1": 29,
    "2": 10,
    "4": 0,
    "6": 0
  },
  "snr_db_median": 12.787088093771251,
  "sanity_no_channel_ber": 0.0,
  "gross_bps": 4901.9607843137255,
  "raw_bit_error_rate": 0.00046875,
  "erasure_rate": 0.0,
  "net_bps": 3968.2539682539677,
  "MB_C90_stereo": 5.331349206349206,
  "P_full": 1.0,
  "required_code_rate": 0.8095238095238094,
  "per_seed_ber": [
    0.0,
    0.003,
    0.00225,
    0.0,
    0.0,
    0.0,
    0.0,
    0.0,
    0.0,
    0.0,
    0.0,
    0.0,
    0.0,
    0.0,
    0.00225,
    0.0
  ]
}