{
  "experiment": "c4_ofdm_bitload",
  "n_seeds": 4,
  "payload_bits": 2000,
  "N_FFT": 256,
  "N_CP": 32,
  "gap_db": 9.0,
  "max_bps": 4,
  "n_data_sc": 39,
  "n_pilots": 13,
  "bits_per_ofdm_sym": 49,
  "bps_histogram": {
    "0": 0,
    "1": 29,
    "2": 10,
    "4": 0,
    "6": 0
  },
  "snr_db_median": 12.787088093771251,
  "sanity_no_channel_ber": 0.0,
  "gross_bps": 4901.9607843137255,
  "raw_bit_error_rate": 0.0,
  "erasure_rate": 0.0,
  "net_bps": 4621.848739495798,
  "MB_C90_stereo": 6.209453781512605,
  "P_full": 1.0,
  "required_code_rate": 0.9428571428571428,
  "per_seed_ber": [
    0.0,
    0.0,
    0.0,
    0.0
  ]
}