{
  "experiment": "d6_shaping",
  "hypothesis": "Probabilistic Amplitude Shaping (PAS) / geometric shaping on OFDM-QAM",
  "snr_probe": {
    "median_db": 12.787088093771251,
    "min_db": 11.14075569195932,
    "max_db": 16.267408072453048,
    "mean_db": 13.231160376709509,
    "p25_db": 12.024867369283204,
    "p75_db": 14.765927581721488
  },
  "configs": [
    {
      "label": "uniform_gap9_maxb4",
      "description": "Baseline C4-equiv: uniform QAM, 9dB gap, maxb=4",
      "gap_db": 9.0,
      "max_bps": 4,
      "nu": 0.0,
      "shaping_type": "uniform",
      "bit_loading_histogram": {
        "0": 0,
        "1": 29,
        "2": 10,
        "4": 0,
        "6": 0
      },
      "n_qam16_carriers": 0,
      "n_qpsk_carriers": 10,
      "gross_bps": 4901.9607843137255,
      "sanity_ber": 0.0,
      "sim": {
        "channel": "sim",
        "gross_bps": 4901.9607843137255,
        "raw_ber": 0.00043749999999999995,
        "erasure_rate": 0.0,
        "net_bps": 3968.2539682539677,
        "P_full": 1.0,
        "required_code_rate": 0.8095238095238094,
        "MB_C90_stereo": 5.331349206349206,
        "per_seed_ber": [
          0.0,
          0.003,
          0.00225,
          0.0,
          0.0,
          0.0,
          0.0,
          0.0,
          0.0,
          0.0,
          0.0,
          0.0
        ]
      },
      "real": {
        "channel": "real",
        "gross_bps": 4901.9607843137255,
        "raw_ber": 0.5476875,
        "erasure_rate": 0.0,
        "net_bps": 233.4267040149393,
        "P_full": 0.0,
        "required_code_rate": 0.047619047619047616,
        "MB_C90_stereo": 0.31360877684407096,
        "per_seed_ber": [
          0.55575,
          0.5495,
          0.535,
          0.54725,
          0.5475,
          0.55175,
          0.54375,
          0.54725,
          0.5455,
          0.55225,
          0.54725,
          0.5495
        ]
      },
      "elapsed_s": 3.678123712539673
    },
    {
      "label": "shaped_gap9_maxb4_nu0.35",
      "description": "Geometric shaping nu=0.35 on C4-equiv loading",
      "gap_db": 9.0,
      "max_bps": 4,
      "nu": 0.35,
      "shaping_type": "geometric",
      "bit_loading_histogram": {
        "0": 0,
        "1": 29,
        "2": 10,
        "4": 0,
        "6": 0
      },
      "n_qam16_carriers": 0,
      "n_qpsk_carriers": 10,
      "gross_bps": 4901.9607843137255,
      "sanity_ber": 0.0,
      "sim": {
        "channel": "sim",
        "gross_bps": 4901.9607843137255,
        "raw_ber": 0.00043749999999999995,
        "erasure_rate": 0.0,
        "net_bps": 3968.2539682539677,
        "P_full": 1.0,
        "required_code_rate": 0.8095238095238094,
        "MB_C90_stereo": 5.331349206349206,
        "per_seed_ber": [
          0.0,
          0.003,
          0.00225,
          0.0,
          0.0,
          0.0,
          0.0,
          0.0,
          0.0,
          0.0,
          0.0,
          0.0
        ]
      },
      "real": {
        "channel": "real",
        "gross_bps": 4901.9607843137255,
        "raw_ber": 0.5476875,
        "erasure_rate": 0.0,
        "net_bps": 233.4267040149393,
        "P_full": 0.0,
        "required_code_rate": 0.047619047619047616,
        "MB_C90_stereo": 0.31360877684407096,
        "per_seed_ber": [
          0.55575,
          0.5495,
          0.535,
          0.54725,
          0.5475,
          0.55175,
          0.54375,
          0.54725,
          0.5455,
          0.55225,
          0.54725,
          0.5495
        ]
      },
      "elapsed_s": 3.547161102294922
    },
    {
      "label": "uniform_gap7_maxb4",
      "description": "Aggressive loading (gap=7 dB), uniform QAM",
      "gap_db": 7.0,
      "max_bps": 4,
      "nu": 0.0,
      "shaping_type": "uniform",
      "bit_loading_histogram": {
        "0": 0,
        "1": 23,
        "2": 16,
        "4": 0,
        "6": 0
      },
      "n_qam16_carriers": 0,
      "n_qpsk_carriers": 16,
      "gross_bps": 5249.343832020997,
      "sanity_ber": 0.0,
      "sim": {
        "channel": "sim",
        "gross_bps": 5249.343832020997,
        "raw_ber": 0.0007291666666666667,
        "erasure_rate": 0.0,
        "net_bps": 4249.46881639795,
        "P_full": 1.0,
        "required_code_rate": 0.8095238095238094,
        "MB_C90_stereo": 5.709161354830646,
        "per_seed_ber": [
          0.0,
          0.0,
          0.0025,
          0.0,
          0.0,
          0.00625,
          0.0,
          0.0,
          0.0,
          0.0,
          0.0,
          0.0
        ]
      },
      "real": {
        "channel": "real",
        "gross_bps": 5249.343832020997,
        "raw_ber": 0.5454166666666667,
        "erasure_rate": 0.0,
        "net_bps": 249.96875390576176,
        "P_full": 0.0,
        "required_code_rate": 0.047619047619047616,
        "MB_C90_stereo": 0.3358330208723909,
        "per_seed_ber": [
          0.54875,
          0.5375,
          0.5475,
          0.53025,
          0.53575,
          0.551,
          0.53,
          0.56475,
          0.53875,
          0.559,
          0.55725,
          0.5445
        ]
      },
      "elapsed_s": 3.2314467430114746
    },
    {
      "label": "shaped_gap7_maxb4_nu0.35",
      "description": "Aggressive loading (gap=7 dB), geometric shaping nu=0.35",
      "gap_db": 7.0,
      "max_bps": 4,
      "nu": 0.35,
      "shaping_type": "geometric",
      "bit_loading_histogram": {
        "0": 0,
        "1": 23,
        "2": 16,
        "4": 0,
        "6": 0
      },
      "n_qam16_carriers": 0,
      "n_qpsk_carriers": 16,
      "gross_bps": 5249.343832020997,
      "sanity_ber": 0.0,
      "sim": {
        "channel": "sim",
        "gross_bps": 5249.343832020997,
        "raw_ber": 0.0007291666666666667,
        "erasure_rate": 0.0,
        "net_bps": 4249.46881639795,
        "P_full": 1.0,
        "required_code_rate": 0.8095238095238094,
        "MB_C90_stereo": 5.709161354830646,
        "per_seed_ber": [
          0.0,
          0.0,
          0.0025,
          0.0,
          0.0,
          0.00625,
          0.0,
          0.0,
          0.0,
          0.0,
          0.0,
          0.0
        ]
      },
      "real": {
        "channel": "real",
        "gross_bps": 5249.343832020997,
        "raw_ber": 0.5454166666666667,
        "erasure_rate": 0.0,
        "net_bps": 249.96875390576176,
        "P_full": 0.0,
        "required_code_rate": 0.047619047619047616,
        "MB_C90_stereo": 0.3358330208723909,
        "per_seed_ber": [
          0.54875,
          0.5375,
          0.5475,
          0.53025,
          0.53575,
          0.551,
          0.53,
          0.56475,
          0.53875,
          0.559,
          0.55725,
          0.5445
        ]
      },
      "elapsed_s": 3.2804343700408936
    },
    {
      "label": "uniform_gap6_maxb4",
      "description": "Aggressive loading (gap=6 dB), uniform QAM",
      "gap_db": 6.0,
      "max_bps": 4,
      "nu": 0.0,
      "shaping_type": "uniform",
      "bit_loading_histogram": {
        "0": 0,
        "1": 9,
        "2": 30,
        "4": 0,
        "6": 0
      },
      "n_qam16_carriers": 0,
      "n_qpsk_carriers": 30,
      "gross_bps": 5952.380952380952,
      "sanity_ber": 0.0,
      "sim": {
        "channel": "sim",
        "gross_bps": 5952.380952380952,
        "raw_ber": 0.007937499999999998,
        "erasure_rate": 0.0,
        "net_bps": 3968.253968253968,
        "P_full": 1.0,
        "required_code_rate": 0.6666666666666666,
        "MB_C90_stereo": 5.3313492063492065,
        "per_seed_ber": [
          0.0,
          0.0,
          0.0,
          0.0715,
          0.0,
          0.0,
          0.0,
          0.012,
          0.0,
          0.0,
          0.01175,
          0.0
        ]
      },
      "real": {
        "channel": "real",
        "gross_bps": 5952.380952380952,
        "raw_ber": 0.5482083333333334,
        "erasure_rate": 0.0,
        "net_bps": 283.44671201814054,
        "P_full": 0.0,