{
  "hypothesis": "D7_concat_fec_interleaving",
  "verdict": "ACCEPT",
  "sanity_ber": 0.0,
  "sanity_passed": true,
  "n_seeds": 8,
  "payload_bits": 4000,
  "reference": {
    "tracked_mfsk_sim_net": 1331.09243697479,
    "tracked_mfsk_real_survival": 0.5833333333,
    "tracked_mfsk_real_net": 134.45378151260502,
    "accept_bar_net": 1530.7563025210084
  },
  "best_config": {
    "label": "RS(255,191) il64",
    "n_ecc": 64,
    "k_bytes": 191,
    "rs_rate": 0.7490196078431373,
    "interleave_depth": 64
  },
  "sim": {
    "channel": "sim",
    "n_ecc": 64,
    "k_bytes": 191,
    "rs_rate": 0.7490196078431373,
    "interleave_depth": 64,
    "gross_bps": 948.1715597915997,
    "raw_ber": 0.00024414062499999997,
    "post_fec_ber": 0.0,
    "p_full_perfect": 1.0,
    "survival": 1.0,
    "per_seed_raw_ber": [
      0.00048828125,
      0.00016276041666666666,
      0.0003255208333333333,
      0.00016276041666666666,
      0.0,
      0.0003255208333333333,
      0.00016276041666666666,
      0.0003255208333333333
    ],
    "per_seed_post_fec_ber": [
      0.0,
      0.0,
      0.0,
      0.0,
      0.0,
      0.0,
      0.0,
      0.0
    ],
    "per_seed_recovery": [
      true,
      true,
      true,
      true,
      true,
      true,
      true,
      true
    ],
    "net_bps_postfec": 893.9903278035083,
    "P_full_postfec": 1.0,
    "required_code_rate_postfec": 0.9428571428571428,
    "net_bps_raw": 767.5674531646283,
    "P_full_raw": 1.0,
    "MB_C90_stereo": 1.2010760054040135
  },
  "real": {
    "channel": "real",
    "n_ecc": 64,
    "k_bytes": 191,
    "rs_rate": 0.7490196078431373,
    "interleave_depth": 64,
    "gross_bps": 948.1715597915997,
    "raw_ber": 0.04241943359375,
    "post_fec_ber": 0.062625,
    "p_full_perfect": 0.875,
    "survival": 0.875,
    "per_seed_raw_ber": [
      0.00048828125,
      0.00016276041666666666,
      0.0008138020833333334,
      0.00016276041666666666,
      0.3369140625,
      0.0003255208333333333,
      0.0,
      0.00048828125
    ],
    "per_seed_post_fec_ber": [
      0.0,
      0.0,
      0.0,
      0.0,
      0.501,
      0.0,
      0.0,
      0.0
    ],
    "per_seed_recovery": [
      true,
      true,
      true,
      true,
      false,
      true,
      true,
      true
    ],
    "net_bps_postfec": 180.60410662697137,
    "P_full_postfec": 1.0,
    "required_code_rate_postfec": 0.19047619047619047,
    "net_bps_raw": 270.90615994045703,
    "P_full_raw": 1.0,
    "MB_C90_stereo": 0.24264161725333605
  },
  "all_sim_results": [
    {
      "label": "RS(255,223) il64 [CCSDS-std]",
      "channel": "sim",
      "n_ecc": 32,
      "k_bytes": 223,
      "rs_rate": 0.8745098039215686,
      "interleave_depth": 64,
      "gross_bps": 948.1715597915997,
      "raw_ber": 0.0001220703125,
      "post_fec_ber": 0.0,
      "p_full_perfect": 1.0,
      "survival": 1.0,
      "per_seed_raw_ber": [
        0.0,
        0.00016276041666666666,
        0.0003255208333333333,
        0.00016276041666666666,
        0.0,
        0.0,
        0.0,
        0.0003255208333333333
      ],
      "per_seed_post_fec_ber": [
        0.0,
        0.0,
        0.0,
        0.0,
        0.0,
        0.0,
        0.0,
        0.0
      ],
      "per_seed_recovery": [
        true,
        true,
        true,
        true,
        true,
        true,
        true,
        true
      ],
      "net_bps_postfec": 893.9903278035083,
      "P_full_postfec": 1.0,
      "required_code_rate_postfec": 0.9428571428571428,
      "net_bps_raw": 767.5674531646283,
      "P_full_raw": 1.0,
      "MB_C90_stereo": 1.2010760054040135
    },
    {
      "label": "RS(255,223) il128",
      "channel": "sim",
      "n_ecc": 32,
      "k_bytes": 223,
      "rs_rate": 0.8745098039215686,
      "interleave_depth": 128,
      "gross_bps": 948.1715597915997,
      "raw_ber": 0.00020345052083333332,
      "post_fec_ber": 0.0,
      "p_full_perfect": 1.0,
      "survival": 1.0,
      "per_seed_raw_ber": [
        0.00016276041666666666,
        0.00016276041666666666,
        0.0003255208333333333,
        0.00016276041666666666,
        0.00016276041666666666,
        0.0003255208333333333,
        0.00016276041666666666,
        0.00016276041666666666
      ],
      "per_seed_post_fec_ber": [
        0.0,
        0.0,
        0.0,
        0.0,
        0.0,
        0.0,
        0.0,
        0.0
      ],
      "per_seed_recovery": [
        true,
        true,
        true,
        true,
        true,
        true,
        true,
        true
      ],
      "net_bps_postfec": 893.9903278035083,
      "P_full_postfec": 1.0,
      "required_code_rate_postfec": 0.9428571428571428,
      "net_bps_raw": 767.5674531646283,
      "P_full_raw": 1.0,
      "MB_C90_stereo": 1.2010760054040135
    },
    {
      "label": "RS(255,191) il64",
      "channel": "sim",
      "n_ecc": 64,
      "k_bytes": 191,
      "rs_rate": 0.7490196078431373,
      "interleave_depth": 64,
      "gross_bps": 948.1715597915997,
      "raw_ber": 0.00024414062499999997,
      "post_fec_ber": 0.0,
      "p_full_perfect": 1.0,
      "survival": 1.0,
      "per_seed_raw_ber": [
        0.00048828125,
        0.00016276041666666666,
        0.0003255208333333333,
        0.00016276041666666666,
        0.0,
        0.0003255208333333333,
        0.00016276041666666666,
        0.0003255208333333333
      ],
      "per_seed_post_fec_ber": [
        0.0,
        0.0,
        0.0,
        0.0,
        0.0,
        0.0,
        0.0,
        0.0
      ],
      "per_seed_recovery": [
        true,
        true,
        true,
        true,
        true,
        true,
        true,
        true
      ],
      "net_bps_postfec": 893.9903278035083,
      "P_full_postfec": 1.0,
      "required_code_rate_postfec": 0.9428571428571428,
      "net_bps_raw": 767.5674531646283,
      "P_full_raw": 1.0,
      "MB_C90_stereo": 1.2010760054040135
    },
    {
      "label": "RS(255,191) il128",
      "channel": "sim",
      "n_ecc": 64,
      "k_bytes": 191,
      "rs_rate": 0.7490196078431373,
      "interleave_depth": 128,
      "gross_bps": 948.1715597915997,
      "raw_ber": 0.0001220703125,
      "post_fec_ber": 0.0,
      "p_full_perfect": 1.0,
      "survival": 1.0,
      "per_seed_raw_ber": [
        0.00016276041666666666,
        0.00016276041666666666,
        0.00016276041666666666,
        0.00016276041666666666,
        0.0,
        0.00016276041666666666,
        0.0,
        0.00016276041666666666
      ],
      "per_seed_post_fec_ber": [
        0.0,
        0.0,
        0.0,
        0.0,
        0.0,
        0.0,
        0.0,
        0.0
      ],
      "per_seed_recovery": [
        true,
        true,
        true,
        true,
        true,
        true,
        true,
        true
      ],
      "net_bps_postfec": 893.9903278035083,
      "P_full_postfec": 1.0,
      "required_code_rate_postfec": 0.9428571428571428,
      "net_bps_raw": 767.5674531646283,
      "P_full_raw": 1.0,
      "MB_C90_stereo": 1.2010760054040135
    },
    {
      "label": "RS(255,159) il64",
      "channel": "sim",
      "n_ecc": 96,
      "k_bytes": 159,
      "rs_rate": 0.6235294117647059,
      "interleave_depth": 64,
      "gross_bps": 721.6824221466293,
      "raw_ber": 3.0517578125e-05,
      "post_fec_ber": 0.0,
      "p_full_perfect": 1.0,
      "survival": 1.0,
      "per_seed_raw_ber": [
        0.0001220703125,
        0.0,
        0.0,
        0.0001220703125,
        0.0,
        0.0,
        0.0,
        0.0
      ],
      "per_seed_post_fec_ber": [
        0.0,
        0.0,
        0.0,
        0.0,
        0.0,
        0.0,
        0.0,
        0.0
      ],
      "per_seed_recovery": [
        true,
        true,
        true,
        true,
        true,
        true,
        true,
        true
      ],
      "net_bps_postfec": 680.4434265953934,
      "P_full_postfec": 1.0,
      "required_code_rate_postfec": 0.9428571428571428,
      "net_bps_raw": 632.3312651189514,