{
  "M12K2_measured_worst": {
    "snr": 12.6,
    "flutter": 0.02194297014680134,
    "ber": 0.45479166666666665,
    "net": 180.3822977322563,
    "surv": 0.0,
    "cat": 1.0
  },
  "M12K2_measured_midSNR": {
    "snr": 20.0,
    "flutter": 0.02194297014680134,
    "ber": 0.4483333333333334,
    "net": 180.3822977322563,
    "surv": 0.0,
    "cat": 1.0
  },
  "M16K2_measured_worst": {
    "snr": 12.6,
    "flutter": 0.02194297014680134,
    "ber": 0.4626666666666666,
    "net": 144.30242180048836,
    "surv": 0.0,
    "cat": 1.0
  },
  "M16K2_measured_midSNR": {
    "snr": 20.0,
    "flutter": 0.02194297014680134,
    "ber": 0.4554583333333333,
    "net": 144.30242180048836,
    "surv": 0.0,
    "cat": 1.0
  },
  "M20K2_measured_worst": {
    "snr": 12.6,
    "flutter": 0.02194297014680134,
    "ber": 0.46370833333333333,
    "net": 136.6400218624035,
    "surv": 0.0,
    "cat": 1.0
  },
  "M20K2_measured_midSNR": {
    "snr": 20.0,
    "flutter": 0.02194297014680134,
    "ber": 0.4505208333333333,
    "net": 136.6400218624035,
    "surv": 0.0,
    "cat": 1.0
  }
}