{
 "clock": 0.88,
 "sweeps": {
  "lo": {
   "thd_db": -47.12518547272701
  },
  "hi": {
   "thd_db": -0.977631995902315
  }
 },
 "H_freq": [
  300.0,
  318.88517535865657,
  338.95918354507,
  360.2968622806555,
  382.97776036513505,
  407.08643424167195,
  432.71276323095196,
  459.95228460943633,
  488.9065497809825,
  519.683502869681,
  552.3978831453296,
  587.1716527818302,
  624.13445154322,
  663.4240800924613,
  705.1870137247995,
  749.5789484409331,
  796.7653813958142,
  846.9222278870358,
  900.2364771830046,
  956.9068896358717,
  1017.1447376781372,
  1081.1745934654246,
  1149.23516610182,
  1221.580191569045,
  1298.4793786771868,
  1380.2194145635783,
  1467.1050334884294,
  1559.4601529117494,
  1657.6290810870012,
  1761.9778006734564,
  1872.8953331527164,
  1990.7951891360442,
  2116.116909969388,
  2249.327706383355,
  2390.924200297135,
  2541.4342762700217,
  2701.4190495028865,
  2871.4749577264765,
  3052.235984775327,
  3244.376024136938,
  3448.6113912877568,
  3665.7034941821885,
  3896.4616718504185,
  4141.746211687681,
  4402.47155668359,
  4679.609714548479,
  4974.193881446214,
  5287.3222938431,
  5620.162322832968,
  5973.954826202344,
  6350.018774460755,
  6749.756168082261,
  7174.657264290282,
  7626.306132871549,
  8106.386561731795,
  8616.688334209664,
  9159.113901551118,
  9735.68547542012,
  10348.552566886898,
  11000.0
 ],
 "H_mag_db": [
  56.43658176258793,
  59.23296234228538,
  61.809434239929125,
  63.92741858272556,
  65.38760828430726,
  66.14449235648416,
  66.28239632383122,
  65.95645395784796,
  65.31862524311148,
  64.50176990636798,
  63.5739144778321,
  62.592042543960545,
  61.56506541258227,
  60.52224819178344,
  59.47687009413087,
  58.42523479345076,
  57.37742161201377,
  56.318734061823854,
  55.27132064668449,
  54.200170765528775,
  53.132862534466504,
  52.077340197722215,
  51.01385979071117,
  49.95627596952307,
  48.888853236886064,
  47.82359743400296,
  46.76220230714553,
  45.72020525056884,
  44.634380362886596,
  43.58533424743816,
  42.533615010348086,
  41.4071378921534,
  40.26187797044953,
  38.63610359334496,
  31.729678134340656,
  -16.643836177768637,
  12.122708130232587,
  32.624821776679255,
  33.67429181279182,
  32.87234525286293,
  31.866589990343197,
  30.781433281453126,
  29.35462184954106,
  14.686817359760685,
  2.8097414107442567,
  25.93617808723104,
  25.4734068076119,
  24.462021028732178,
  23.35305113778289,
  22.256525712711866,
  21.040506078460567,
  19.72559599762401,
  18.20106317081709,
  16.10272935342599,
  13.320073672504032,
  9.353883604981034,
  4.439542566072778,
  -1.4490565401617415,
  -8.454296075737245,
  -15.46992344210641
 ],
 "snr_freq": [
  300.0,
  318.0,
  336.0,
  356.0,
  377.0,
  399.0,
  423.0,
  448.0,
  474.0,
  502.0,
  531.0,
  563.0,
  596.0,
  631.0,
  668.0,
  707.0,
  749.0,
  793.0,
  840.0,
  889.0,
  941.0,
  997.0,
  1055.0,
  1117.0,
  1183.0,
  1253.0,
  1326.0,
  1405.0,
  1487.0,
  1575.0,
  1667.0,
  1765.0,
  1869.0,
  1979.0,
  2096.0,
  2219.0,
  2350.0,
  2488.0,
  2634.0,
  2789.0,
  2953.0,
  3127.0,
  3311.0,
  3506.0,
  3712.0,
  3931.0,
  4162.0,
  4407.0,
  4666.0,
  4941.0,
  5231.0,
  5539.0,
  5865.0,
  6210.0,
  6575.0,
  6962.0,
  7372.0,
  7806.0,
  8265.0,
  8751.0,
  9266.0,
  9811.0,
  10389.0,
  11000.0
 ],
 "snr_db": [
  -3.398287382772913,
  -5.587554984057562,
  -0.24444713916135727,
  -5.287325280985753,
  6.386428178959727,
  -5.1680961260392335,
  -3.4739714270206723,
  -8.104724805174666,
  4.982201750705863,
  2.04932826571225,
  -2.930237284494371,
  -9.239875424262875,
  -0.15209342023754316,
  6.15815341217247,
  -1.1942127626117973,
  -2.277470847112806,
  -5.830225643894186,
  2.3232951730332068,
  2.782815591997063,
  5.884455659902185,
  -4.316041986296716,
  -3.341119724234296,
  -1.6017907298472234,
  -5.787928437063062,
  -3.0324540279890364,
  2.1514115328279195,
  1.1725657685012005,
  1.199657743035429,
  1.0806610589826244,
  -3.320093631269349,
  4.77159026931342,
  -7.612360833453682,
  -6.353126790882273,
  2.322632772343061,
  1.7695644122861909,
  4.353739877697591,
  -4.282754482309631,
  -0.22504101600024623,
  -2.8454377974941165,
  3.9420792456454086,
  0.7736277492102405,
  -1.967895869708651,
  -4.618476616383079,
  -5.678102676855596,
  0.5468224191331288,
  5.892004181792478,
  -4.8272327432901285,
  -4.063872872167194,
  -2.7327082695381835,
  -6.990908943765962,
  1.3550192463702064,
  -0.6681263524276883,
  2.8065786178657115,
  8.552765221117092,
  7.613133428409301,
  2.465864679444772,
  1.5062480271777134,
  -4.118402817124734,
  0.2620242170569077,
  7.189664475239842,
  -0.7657939009536976,
  0.6919876577279138,
  -0.4773847255010408,
  0.3491489540335432
 ],
 "flutter_pct": 2.194297014680134,
 "preemph_db": [
  -12.0,
  -12.0,
  -12.0,
  -12.0,
  -12.0,
  -12.0,
  -12.0,
  -12.0,
  -12.0,
  -12.0,
  -12.0,
  -12.0,
  -12.0,
  -12.0,
  -12.0,
  -12.0,
  -12.0,
  -12.0,
  -12.0,
  -11.140696136635647,
  -10.073387905573377,
  -9.017865568829087,
  -7.9543851618180454,
  -6.896801340629942,
  -5.829378607992936,
  -4.764122805109835,
  -3.7027276782524012,
  -2.660730621675711,
  -1.574905733993468,
  -0.5258596185450344,
  0.5258596185450415,
  1.652336736739727,
  2.797596658443595,
  4.423371035548165,
  11.329796494552472,
  12.0,
  12.0,
  10.434652852213873,
  9.385182816101306,
  10.1871293760302,
  11.19288463854993,
  12.0,
  12.0,
  12.0,
  12.0,
  12.0,
  12.0,
  12.0,
  12.0,
  12.0,
  12.0,
  12.0,
  12.0,
  12.0,
  12.0,
  12.0,
  12.0,
  12.0,
  12.0,
  12.0
 ]
}