{
 "clock": 0.888524651092233,
 "snr_median_db": 17.01818040131186,
 "wow_rms_pct": 0.1918328182512362,
 "drift_max_s": 0.6525676243377347,
 "thd_lo_db": -37.48561668644676,
 "thd_hi_db": -31.003938100855024
}