{
 "clock": 0.888524651092233,
 "sounder": {
  "sweep": {
   "lo": -37.5,
   "hi": -31.0
  },
  "mt_snr_median": 19.0,
  "flutter_pct": 0.19
 },
 "papr": {
  "inphase|0.2": -20.389676752386592,
  "inphase|0.35": -19.180926785901427,
  "inphase|0.5": -23.829302124646638,
  "inphase|0.7": -24.07993661375593,
  "lowpapr|0.2": -22.32851146904349,
  "lowpapr|0.35": -20.56172888587531,
  "lowpapr|0.5": -22.238688700652485,
  "lowpapr|0.7": -22.54337024847625,
  "random|0.2": -21.999302613063467,
  "random|0.35": -23.44322963244702,
  "random|0.5": -23.036090223779055,
  "random|0.7": -20.810582901236664
 },
 "ook": {
  "250|phase0": [
   10,
   11
  ],
  "250|lowpapr": [
   8,
   11
  ],
  "333|phase0": [
   10,
   11
  ],
  "333|lowpapr": [
   10,
   11
  ],
  "300|phase0": [
   0,
   11
  ],
  "300|lowpapr": [
   0,
   11
  ],
  "400|phase0": [
   0,
   11
  ],
  "400|lowpapr": [
   2,
   11
  ],
  "467|phase0": [
   1,
   11
  ],
  "467|lowpapr": [
   6,
   11
  ],
  "533|phase0": [
   0,
   11
  ],
  "533|lowpapr": [
   2,
   11
  ]
 }
}