{
  "preset_wired": {
    "snr_db": 50.0,
    "bandwidth_hz": 13000.0,
    "wow_flutter_wrms": 0.00046499999999999997
  },
  "preset_wired_worn": {
    "snr_db": 44.0,
    "bandwidth_hz": 11000.0,
    "wow_flutter_wrms": 0.0009299999999999999
  },
  "reps": 10,
  "nsym": 200,
  "rs_guard": 0.85,
  "fs": 48000,
  "rows": [
    {
      "id": "r5",
      "name": "d2x-p18-rs127",
      "P": 18,
      "rs_k": 127,
      "gross_bps": 6750.0,
      "net_bps_mono": 3361.764705882353,
      "net_bps_stereo": 6723.529411764706,
      "rs_t_per_cw": 64,
      "rs_t_frac": 0.25098039215686274,
      "close_thr": 0.21333333333333332,
      "sanity_ber": 0.0,
      "clean_ber": 0.0,
      "clean_byte_er": 0.0,
      "clean_worst_cw": 0.0,
      "clean_verdict": "CLOSES",
      "worn_ber": 0.0,
      "worn_byte_er": 0.0,
      "worn_worst_cw": 0.0,
      "worn_verdict": "CLOSES",
      "note": "robust bank"
    },
    {
      "id": "r6",
      "name": "d2x-p21-rs159",
      "P": 21,
      "rs_k": 159,
      "gross_bps": 7875.0,
      "net_bps_mono": 4910.294117647059,
      "net_bps_stereo": 9820.588235294117,
      "rs_t_per_cw": 48,
      "rs_t_frac": 0.18823529411764706,
      "close_thr": 0.16,
      "sanity_ber": 0.0,
      "clean_ber": 0.0,
      "clean_byte_er": 0.0,
      "clean_worst_cw": 0.0,
      "clean_verdict": "CLOSES",
      "worn_ber": 0.0,
      "worn_byte_er": 0.0,
      "worn_worst_cw": 0.0,
      "worn_verdict": "CLOSES",
      "note": "PROVEN byte-exact on real cassette"
    },
    {
      "id": "r8",
      "name": "d2x-p22-rs179",
      "P": 22,
      "rs_k": 179,
      "gross_bps": 8250.0,
      "net_bps_mono": 5791.176470588235,
      "net_bps_stereo": 11582.35294117647,
      "rs_t_per_cw": 38,
      "rs_t_frac": 0.14901960784313725,
      "close_thr": 0.12666666666666665,
      "sanity_ber": 0.0,
      "clean_ber": 0.0,
      "clean_byte_er": 0.0,
      "clean_worst_cw": 0.0,
      "clean_verdict": "CLOSES",
      "worn_ber": 0.0,
      "worn_byte_er": 0.0,
      "worn_worst_cw": 0.0,
      "worn_verdict": "CLOSES",
      "note": "stretch (full grid, keeps 750 Hz)"
    },
    {
      "id": "h1",
      "name": "d2x-p22-rs191",
      "P": 22,
      "rs_k": 191,
      "gross_bps": 8250.0,
      "net_bps_mono": 6179.411764705882,
      "net_bps_stereo": 12358.823529411764,
      "rs_t_per_cw": 32,
      "rs_t_frac": 0.12549019607843137,
      "close_thr": 0.10666666666666666,
      "sanity_ber": 0.0,
      "clean_ber": 0.0,
      "clean_byte_er": 0.0,
      "clean_worst_cw": 0.0,
      "clean_verdict": "CLOSES",
      "worn_ber": 0.0,
      "worn_byte_er": 0.0,
      "worn_worst_cw": 0.0,
      "worn_verdict": "CLOSES",
      "note": "thinner RS on P22 grid"
    },
    {
      "id": "h2",
      "name": "d2x-p23-rs191",
      "P": 23,
      "rs_k": 191,
      "gross_bps": 8625.0,
      "net_bps_mono": 6460.294117647059,
      "net_bps_stereo": 12920.588235294117,
      "rs_t_per_cw": 32,
      "rs_t_frac": 0.12549019607843137,
      "close_thr": 0.10666666666666666,
      "sanity_ber": 0.0,
      "clean_ber": 0.0,
      "clean_byte_er": 0.0,
      "clean_worst_cw": 0.0,
      "clean_verdict": "CLOSES",
      "worn_ber": 0.0,
      "worn_byte_er": 0.0,
      "worn_worst_cw": 0.0,
      "worn_verdict": "CLOSES",
      "note": "max carriers (9375 Hz) + thin RS"
    },
    {
      "id": "h3",
      "name": "d2x-p23-rs207",
      "P": 23,
      "rs_k": 207,
      "gross_bps": 8625.0,
      "net_bps_mono": 7001.470588235294,
      "net_bps_stereo": 14002.941176470587,
      "rs_t_per_cw": 24,
      "rs_t_frac": 0.09411764705882353,
      "close_thr": 0.08,
      "sanity_ber": 0.0,
      "clean_ber": 0.0,
      "clean_byte_er": 0.0,
      "clean_worst_cw": 0.0,
      "clean_verdict": "CLOSES",
      "worn_ber": 0.0,
      "worn_byte_er": 0.0,
      "worn_worst_cw": 0.0,
      "worn_verdict": "CLOSES",
      "note": "max carriers + very thin RS (push to cliff)"
    }
  ],
  "stress_sweep_rung": "d2x-p23-rs207",
  "stress_sweep": [
    {
      "snr_db": 50,
      "flutter_pct": 0.05,
      "ber": 0.0,
      "worst_cw": 0.0,
      "rs_t_frac": 0.09411764705882353,
      "rs_closes": true
    },
    {
      "snr_db": 44,
      "flutter_pct": 0.09,
      "ber": 0.0,
      "worst_cw": 0.0,
      "rs_t_frac": 0.09411764705882353,
      "rs_closes": true
    },
    {
      "snr_db": 38,
      "flutter_pct": 0.2,
      "ber": 0.0002173913043478261,
      "worst_cw": 0.0392156862745098,
      "rs_t_frac": 0.09411764705882353,
      "rs_closes": true
    },
    {
      "snr_db": 32,
      "flutter_pct": 0.4,
      "ber": 0.006929347826086956,
      "worst_cw": 0.40784313725490196,
      "rs_t_frac": 0.09411764705882353,
      "rs_closes": false
    },
    {
      "snr_db": 28,
      "flutter_pct": 0.6,
      "ber": 0.05607336956521739,
      "worst_cw": 0.8627450980392157,
      "rs_t_frac": 0.09411764705882353,
      "rs_closes": false
    },
    {
      "snr_db": 24,
      "flutter_pct": 0.9,
      "ber": 0.17903532608695652,
      "worst_cw": 1.0,
      "rs_t_frac": 0.09411764705882353,
      "rs_closes": false
    },
    {
      "snr_db": 20,
      "flutter_pct": 1.5,
      "ber": 0.4288858695652174,
      "worst_cw": 1.0,
      "rs_t_frac": 0.09411764705882353,
      "rs_closes": false
    },
    {
      "snr_db": 16,
      "flutter_pct": 2.5,
      "ber": 0.490054347826087,
      "worst_cw": 1.0,
      "rs_t_frac": 0.09411764705882353,
      "rs_closes": false
    }
  ]
}