{
  "level": 6.0,
  "seed": 0,
  "tone_sym_er": 0.0671454628362973,
  "refs": {
    "global2m": {
      "am_ber_all": 0.2274281805745554,
      "am_ber_tone_ok": 0.22901136502505193
    },
    "tone2m": {
      "am_ber_all": 0.03767669858641131,
      "am_ber_tone_ok": 0.024624220945863376
    },
    "dd": {
      "am_ber_all": 0.038417692658458735,
      "am_ber_tone_ok": 0.025357448368568986
    }
  },
  "genie_per_tone_am_ber_tone_ok": 0.014908957595014054,
  "per_tone_sep_db": {
    "mean": 5.741786232367728,
    "min": 5.465544833262122,
    "max": 6.171553035818107
  }
}