{
  "sync": {
    "clock_ratio": 1.0021627289985084,
    "speed": 1.0021627289985084,
    "speed_offset": 0.0021627289985084452,
    "chirp0_meas": 739412,
    "chirp1_meas": 45675106,
    "chirp0_nominal": 737869,
    "expected_chirp0": 48000,
    "expected_spacing": 44838720,
    "measured_spacing": 44935694,
    "resample_num": 17108,
    "resample_den": 17145
  },
  "align": 689869,
  "sounder": {
    "chirp0_align_offset": 689869,
    "noise_floor_rms": 0.003793560127248498,
    "noise_floor_dbfs": -48.41906056111234,
    "sounder_freqs": [
      300.0,
      318.0,
      336.0,
      356.0,
      377.0,
      399.0,
      423.0,
      448.0,
      474.0,
      502.0,
      531.0,
      563.0,
      596.0,
      631.0,
      668.0,
      707.0,
      749.0,
      793.0,
      840.0,
      889.0,
      941.0,
      997.0,
      1055.0,
      1117.0,
      1183.0,
      1253.0,
      1326.0,
      1405.0,
      1487.0,
      1575.0,
      1667.0,
      1765.0,
      1869.0,
      1979.0,
      2096.0,
      2219.0,
      2350.0,
      2488.0,
      2634.0,
      2789.0,
      2953.0,
      3127.0,
      3311.0,
      3506.0,
      3712.0,
      3931.0,
      4162.0,
      4407.0,
      4666.0,
      4941.0,
      5231.0,
      5539.0,
      5865.0,
      6210.0,
      6575.0,
      6962.0,
      7372.0,
      7806.0,
      8265.0,
      8751.0,
      9266.0,
      9811.0,
      10389.0,
      11000.0
    ],
    "H_db": [
      -1.1868494930885638,
      -1.1868494930885638,
      -9.643274665532877e-15,
      -9.643274665532877e-15,
      -9.643274665532877e-15,
      -2.421150665284009,
      -1.5124990522554727,
      -1.5124990522554727,
      -1.5124990522554727,
      -1.9488297494266522,
      -1.9488297494266522,
      -1.053093037176676,
      -1.9569872329862252,
      -1.698517472686678,
      -2.0791120421968943,
      -5.649516789467088,
      -7.272141658862825,
      -13.617855547791105,
      -12.421242673099233,
      -10.535196794910211,
      -16.760136032895964,
      -12.283036704553167,
      -10.514383554132106,
      -11.693008058927635,
      -14.187956623215317,
      -8.422764244323464,
      -3.1989524420858833,
      -10.42471905440067,
      -6.684871991747391,
      -4.94574030708904,
      -7.4382143067739275,
      -6.783487389754104,
      -7.959184561870307,
      -11.579633726225838,
      -12.499888191235971,
      -11.286157879097056,
      -8.451305497937847,
      -12.77243144127941,
      -11.748860465209013,
      -11.328789223639003,
      -15.037758476743551,
      -32.99083479263481,
      -25.588097575645072,
      -19.083037786174142,
      -21.6424225548472,
      -32.43238775115617,
      -19.248882951445196,
      -16.76249708481774,
      -19.789340275714697,
      -26.899494134478104,
      -26.474015071896744,
      -30.978199904808893,
      -33.6849725689322,
      -30.430225781219246,
      -25.152254285813683,
      -27.808600080651726,
      -25.735563529078014,
      -29.62962359035682,
      -29.616065533523937,
      -30.106648316399554,
      -33.00887681430127,
      -34.686199281638594,
      -32.51879617305336,
      -30.651146130451387
    ],
    "snr_db_per_tone": [
      38.09385372879912,
      37.596424410545175,
      37.17272577288718,
      39.23024116769099,
      39.060591816174636,
      36.3056840427176,
      37.37461876234919,
      37.28183520027074,
      35.750124859274145,
      33.601199755753555,
      33.560051803375664,
      38.80415849807112,
      38.98022983661116,
      38.804764288329544,
      39.926019922458515,
      37.284173396402906,
      36.23894983045956,
      31.287056798429237,
      35.180514564636375,
      34.73246634574784,
      26.942372192357617,
      31.499163810384125,
      32.762240933809046,
      31.39726787761683,
      27.940545414468467,
      34.984023365104576,
      42.16151496188826,
      32.17631071311028,
      33.319781338673906,
      34.33677543876422,
      29.535113030213008,
      30.877138898449505,
      31.880569707267217,
      26.446539789419617,
      25.372310095432262,
      26.30171262751051,
      30.65722770128737,
      32.15634100484497,
      35.180442197308146,
      39.26703714107347,
      43.41650672950247,
      31.166900995136295,
      36.84812217707825,
      45.33480217778444,
      46.09004772867287,
      37.43762135020152,
      36.0430769355767,
      40.49990405697724,
      46.70135256012272,
      44.285104267042485,
      48.869641014853286,
      41.03347651211627,
      43.21198026860077,
      36.54853138822487,
      39.84396677369563,
      42.06664738294183,
      42.7328110840331,
      47.24955689334238,
      38.72825170094516,
      37.431396077790275,
      34.18865616456553,
      35.52223513852062,
      33.99745520449636,
      31.623179471757396
    ],
    "snr_db_median": 36.42710771547124,
    "snr_db_p10": 30.72320106043601,
    "frac_below_8db": 0.0,
    "flutter_wrms_pct": 0.36526479770256653,
    "recovered_clock_from_tone": 1.0004796212967553
  }
}