{
  "recording": "/var/folders/5p/n4d97j1j7vz0xm4x65m8rl_m0000gn/T/tmpg37kerrw.wav",
  "sync": {
    "clock_ratio": 0.9999998669646658,
    "speed": 0.9999998669646658,
    "speed_offset": -1.3303533419328772e-07,
    "chirp0_meas": 48000,
    "chirp1_meas": 30115196,
    "chirp0_nominal": 48000,
    "expected_chirp0": 48000,
    "expected_spacing": 30067200,
    "measured_spacing": 30067196,
    "resample_num": 1,
    "resample_den": 1
  },
  "sounder": {
    "chirp0_align_offset": 0,
    "noise_floor_rms": 0.001521318935101687,
    "noise_floor_dbfs": -56.35559458501936,
    "snr_db_median": 55.500765631344805,
    "snr_db_p10": 45.96015466064766,
    "frac_below_8db": 0.0,
    "flutter_wrms_pct": 0.09877502555654377,
    "recovered_clock_from_tone": 1.0000058644956362
  },
  "payloads": [
    {
      "name": "ws_rs111_8k",
      "scheme": "widespace",
      "phy": "WS_M16_K1_sp3_N256",
      "llm_offset": 0,
      "payload_bytes": 8192,
      "n_frames": 37,
      "n_codewords": 74,
      "raw_ber": 0.0014507154213036567,
      "rs_codewords_failed": 0,
      "byte_errors": 0,
      "byte_exact": true,
      "rs_n": 255,
      "rs_k": 111
    },
    {
      "name": "ws_rs159_8k",
      "scheme": "widespace",
      "phy": "WS_M16_K1_sp3_N256",
      "llm_offset": 8192,
      "payload_bytes": 8192,
      "n_frames": 26,
      "n_codewords": 52,
      "raw_ber": 0.001970211161387632,
      "rs_codewords_failed": 0,
      "byte_errors": 0,
      "byte_exact": true,
      "rs_n": 255,
      "rs_k": 159
    },
    {
      "name": "ws_rs191_8k",
      "scheme": "widespace",
      "phy": "WS_M16_K1_sp3_N256",
      "llm_offset": 16384,
      "payload_bytes": 8192,
      "n_frames": 22,
      "n_codewords": 43,
      "raw_ber": 0.014158686730506156,
      "rs_codewords_failed": 0,
      "byte_errors": 0,
      "byte_exact": true,
      "rs_n": 255,
      "rs_k": 191
    },
    {
      "name": "ws_rs223_8k",
      "scheme": "widespace",
      "phy": "WS_M16_K1_sp3_N256",
      "llm_offset": 24576,
      "payload_bytes": 8192,
      "n_frames": 19,
      "n_codewords": 37,
      "raw_ber": 0.005047694753577106,
      "rs_codewords_failed": 0,
      "byte_errors": 0,
      "byte_exact": true,
      "rs_n": 255,
      "rs_k": 223
    }
  ],
  "n_byte_exact": 4,
  "n_payloads": 4
}