{
  "recording": "/var/folders/5p/n4d97j1j7vz0xm4x65m8rl_m0000gn/T/tmp6g1pbevj.wav",
  "sync": {
    "clock_ratio": 1.0000000332588335,
    "speed": 1.0000000332588335,
    "speed_offset": 3.3258833465055204e-08,
    "chirp0_meas": 48003,
    "chirp1_meas": 30115204,
    "chirp0_nominal": 48003,
    "expected_chirp0": 48000,
    "expected_spacing": 30067200,
    "measured_spacing": 30067201,
    "resample_num": 1,
    "resample_den": 1
  },
  "sounder": {
    "chirp0_align_offset": 3,
    "noise_floor_rms": 0.0015065870879424983,
    "noise_floor_dbfs": -56.440115179318546,
    "snr_db_median": 54.74705902923658,
    "snr_db_p10": 47.033961145326685,
    "frac_below_8db": 0.0,
    "flutter_wrms_pct": 0.06308088048558053,
    "recovered_clock_from_tone": 0.9999985266733629
  },
  "payloads": [
    {
      "name": "ws_rs111_8k",
      "scheme": "widespace",
      "phy": "WS_M16_K1_sp3_N256",
      "llm_offset": 0,
      "payload_bytes": 8192,
      "n_frames": 37,
      "n_codewords": 74,
      "raw_ber": 0.010651828298887122,
      "rs_codewords_failed": 0,
      "byte_errors": 0,
      "byte_exact": true,
      "rs_n": 255,
      "rs_k": 111
    },
    {
      "name": "ws_rs159_8k",
      "scheme": "widespace",
      "phy": "WS_M16_K1_sp3_N256",
      "llm_offset": 8192,
      "payload_bytes": 8192,
      "n_frames": 26,
      "n_codewords": 52,
      "raw_ber": 0.03601998491704374,
      "rs_codewords_failed": 0,
      "byte_errors": 0,
      "byte_exact": true,
      "rs_n": 255,
      "rs_k": 159
    },
    {
      "name": "ws_rs191_8k",
      "scheme": "widespace",
      "phy": "WS_M16_K1_sp3_N256",
      "llm_offset": 16384,
      "payload_bytes": 8192,
      "n_frames": 22,
      "n_codewords": 43,
      "raw_ber": 0.022765617875057,
      "rs_codewords_failed": 0,
      "byte_errors": 0,
      "byte_exact": true,
      "rs_n": 255,
      "rs_k": 191
    },
    {
      "name": "ws_rs223_8k",
      "scheme": "widespace",
      "phy": "WS_M16_K1_sp3_N256",
      "llm_offset": 24576,
      "payload_bytes": 8192,
      "n_frames": 19,
      "n_codewords": 37,
      "raw_ber": 0.019594594594594596,
      "rs_codewords_failed": 18,
      "byte_errors": 4008,
      "byte_exact": false,
      "rs_n": 255,
      "rs_k": 223
    }
  ],
  "n_byte_exact": 3,
  "n_payloads": 4
}