{
  "recording": "/var/folders/5p/n4d97j1j7vz0xm4x65m8rl_m0000gn/T/tmpla2e6vdn.wav",
  "sync": {
    "clock_ratio": 0.9999998004469988,
    "speed": 0.9999998004469988,
    "speed_offset": -1.9955300123442044e-07,
    "chirp0_meas": 48028,
    "chirp1_meas": 30115222,
    "chirp0_nominal": 48028,
    "expected_chirp0": 48000,
    "expected_spacing": 30067200,
    "measured_spacing": 30067194,
    "resample_num": 1,
    "resample_den": 1
  },
  "sounder": {
    "chirp0_align_offset": 28,
    "noise_floor_rms": 0.0015859073199917144,
    "noise_floor_dbfs": -55.994443926651655,
    "snr_db_median": 53.292562622914886,
    "snr_db_p10": 43.5575301621939,
    "frac_below_8db": 0.0,
    "flutter_wrms_pct": 0.19650830297569555,
    "recovered_clock_from_tone": 1.000008138401863
  },
  "payloads": [
    {
      "name": "ws_rs111_8k",
      "scheme": "widespace",
      "phy": "WS_M16_K1_sp3_N256",
      "llm_offset": 0,
      "payload_bytes": 8192,
      "n_frames": 37,
      "n_codewords": 74,
      "raw_ber": 0.005325914149443561,
      "rs_codewords_failed": 0,
      "byte_errors": 0,
      "byte_exact": true,
      "rs_n": 255,
      "rs_k": 111
    },
    {
      "name": "ws_rs159_8k",
      "scheme": "widespace",
      "phy": "WS_M16_K1_sp3_N256",
      "llm_offset": 8192,
      "payload_bytes": 8192,
      "n_frames": 26,
      "n_codewords": 52,
      "raw_ber": 0.007173831070889894,
      "rs_codewords_failed": 0,
      "byte_errors": 0,
      "byte_exact": true,
      "rs_n": 255,
      "rs_k": 159
    },
    {
      "name": "ws_rs191_8k",
      "scheme": "widespace",
      "phy": "WS_M16_K1_sp3_N256",
      "llm_offset": 16384,
      "payload_bytes": 8192,
      "n_frames": 22,
      "n_codewords": 43,
      "raw_ber": 0.006418148654810761,
      "rs_codewords_failed": 0,
      "byte_errors": 0,
      "byte_exact": true,
      "rs_n": 255,
      "rs_k": 191
    },
    {
      "name": "ws_rs223_8k",
      "scheme": "widespace",
      "phy": "WS_M16_K1_sp3_N256",
      "llm_offset": 24576,
      "payload_bytes": 8192,
      "n_frames": 19,
      "n_codewords": 37,
      "raw_ber": 0.0062135665076841545,
      "rs_codewords_failed": 0,
      "byte_errors": 0,
      "byte_exact": true,
      "rs_n": 255,
      "rs_k": 223
    }
  ],
  "n_byte_exact": 4,
  "n_payloads": 4
}