{
  "recording": "/Users/magnus/repos/cassette-ai/experiments/tape_v2/captures/tape7_run1.wav",
  "sync": {
    "clock_ratio": 1.0021627289985084,
    "speed": 1.0021627289985084,
    "speed_offset": 0.0021627289985084452,
    "chirp0_meas": 739412,
    "chirp1_meas": 45675106,
    "chirp0_nominal": 737869,
    "expected_chirp0": 48000,
    "expected_spacing": 44838720,
    "measured_spacing": 44935694,
    "resample_num": 17108,
    "resample_den": 17145
  },
  "sounder": {
    "chirp0_align_offset": 689869,
    "noise_floor_rms": 0.003793560127248498,
    "noise_floor_dbfs": -48.41906056111234,
    "snr_db_median": 36.42710771547124,
    "snr_db_p10": 30.72320106043601,
    "frac_below_8db": 0.0,
    "flutter_wrms_pct": 0.36526479770256653,
    "recovered_clock_from_tone": 1.0004796212967553
  },
  "payloads": [
    {
      "name": "m16_rs111_8k",
      "role": "m16-anchor",
      "scheme": "widespace",
      "phy": "WS_M16_K1_sp3_N256",
      "llm_offset": 0,
      "payload_bytes": 8192,
      "n_frames": 37,
      "n_codewords": 74,
      "raw_ber": 0.019793322734499207,
      "rs_codewords_failed": 0,
      "byte_errors": 0,
      "byte_exact": true,
      "rs_n": 255,
      "rs_k": 111,
      "gross_bps": 750.0,
      "projected_net_bps": 326.47058823529414,
      "source": "m5"
    },
    {
      "name": "m16_rs159_8k",
      "role": "m16-moderate",
      "scheme": "widespace",
      "phy": "WS_M16_K1_sp3_N256",
      "llm_offset": 8192,
      "payload_bytes": 8192,
      "n_frames": 26,
      "n_codewords": 52,
      "raw_ber": 0.013593514328808447,
      "rs_codewords_failed": 1,
      "byte_errors": 83,
      "byte_exact": false,
      "rs_n": 255,
      "rs_k": 159,
      "gross_bps": 750.0,
      "projected_net_bps": 467.6470588235294,
      "source": "m5"
    },
    {
      "name": "m16_rs191_8k",
      "role": "m16-target",
      "scheme": "widespace",
      "phy": "WS_M16_K1_sp3_N256",
      "llm_offset": 16384,
      "payload_bytes": 8192,
      "n_frames": 22,
      "n_codewords": 43,
      "raw_ber": 0.022081623347013225,
      "rs_codewords_failed": 0,
      "byte_errors": 0,
      "byte_exact": true,
      "rs_n": 255,
      "rs_k": 191,
      "gross_bps": 750.0,
      "projected_net_bps": 561.7647058823529,
      "source": "m5"
    },
    {
      "name": "m16_rs223_8k",
      "role": "m16-stretch",
      "scheme": "widespace",
      "phy": "WS_M16_K1_sp3_N256",
      "llm_offset": 24576,
      "payload_bytes": 8192,
      "n_frames": 19,
      "n_codewords": 37,
      "raw_ber": 0.022509273979862215,
      "rs_codewords_failed": 9,
      "byte_errors": 1939,
      "byte_exact": false,
      "rs_n": 255,
      "rs_k": 223,
      "gross_bps": 750.0,
      "projected_net_bps": 655.8823529411765,
      "source": "m5"
    },
    {
      "name": "m32_rs95_4k",
      "role": "turbo-safe",
      "scheme": "widespace",
      "phy": "WS_M32_K2_sp2_N320",
      "llm_offset": 32768,
      "payload_bytes": 4096,
      "n_frames": 22,
      "n_codewords": 44,
      "raw_ber": 0.09660204991087344,
      "rs_codewords_failed": 0,
      "byte_errors": 0,
      "byte_exact": true,
      "rs_n": 255,
      "rs_k": 95,
      "gross_bps": 1200.0,
      "projected_net_bps": 447.05882352941177,
      "source": "m6"
    },
    {
      "name": "m32_rs111_4k",
      "role": "turbo-moderate",
      "scheme": "widespace",
      "phy": "WS_M32_K2_sp2_N320",
      "llm_offset": 36864,
      "payload_bytes": 4096,
      "n_frames": 19,
      "n_codewords": 37,
      "raw_ber": 0.1426470588235294,
      "rs_codewords_failed": 28,
      "byte_errors": 3094,
      "byte_exact": false,
      "rs_n": 255,
      "rs_k": 111,
      "gross_bps": 1200.0,
      "projected_net_bps": 522.3529411764706,
      "source": "m6"
    },
    {
      "name": "m32_rs127_4k",
      "role": "turbo-fast",
      "scheme": "widespace",
      "phy": "WS_M32_K2_sp2_N320",
      "llm_offset": 40960,
      "payload_bytes": 4096,
      "n_frames": 17,
      "n_codewords": 33,
      "raw_ber": 0.08915626856803327,
      "rs_codewords_failed": 2,
      "byte_errors": 159,
      "byte_exact": false,
      "rs_n": 255,
      "rs_k": 127,
      "gross_bps": 1200.0,
      "projected_net_bps": 597.6470588235294,
      "source": "m6"
    },
    {
      "name": "m32_rs159_4k",
      "role": "turbo-beats-m16-rs223",
      "scheme": "widespace",
      "phy": "WS_M32_K2_sp2_N320",
      "llm_offset": 45056,
      "payload_bytes": 4096,
      "n_frames": 13,
      "n_codewords": 26,
      "raw_ber": 0.08367269984917043,
      "rs_codewords_failed": 12,
      "byte_errors": 1861,
      "byte_exact": false,
      "rs_n": 255,
      "rs_k": 159,
      "gross_bps": 1200.0,
      "projected_net_bps": 748.2352941176471,
      "source": "m6"
    },
    {
      "name": "m32_rs191_4k",
      "role": "turbo-hero-stretch",
      "scheme": "widespace",
      "phy": "WS_M32_K2_sp2_N320",
      "llm_offset": 49152,
      "payload_bytes": 4096,
      "n_frames": 11,
      "n_codewords": 22,
      "raw_ber": 0.08353386809269162,
      "rs_codewords_failed": 22,
      "byte_errors": 4089,
      "byte_exact": false,
      "rs_n": 255,
      "rs_k": 191,
      "gross_bps": 1200.0,
      "projected_net_bps": 898.8235294117648,
      "source": "m6"
    }
  ],
  "n_byte_exact": 3,
  "n_payloads": 9
}