{
  "recording": "/var/folders/5p/n4d97j1j7vz0xm4x65m8rl_m0000gn/T/tmp_lvk8c_3.wav",
  "sync": {
    "clock_ratio": 1.0000003345322972,
    "speed": 1.0000003345322972,
    "speed_offset": 3.3453229719704325e-07,
    "chirp0_meas": 48002,
    "chirp1_meas": 44886737,
    "chirp0_nominal": 48002,
    "expected_chirp0": 48000,
    "expected_spacing": 44838720,
    "measured_spacing": 44838735,
    "resample_num": 1,
    "resample_den": 1
  },
  "sounder": {
    "chirp0_align_offset": 2,
    "noise_floor_rms": 0.0024185121366832427,
    "noise_floor_dbfs": -52.32903457749038,
    "snr_db_median": 50.39265012288236,
    "snr_db_p10": 41.387018874938626,
    "frac_below_8db": 0.0,
    "flutter_wrms_pct": 0.1454862657401942,
    "recovered_clock_from_tone": 1.0000069548017407
  },
  "payloads": [
    {
      "name": "m16_rs111_8k",
      "role": "m16-anchor",
      "scheme": "widespace",
      "phy": "WS_M16_K1_sp3_N256",
      "llm_offset": 0,
      "payload_bytes": 8192,
      "n_frames": 37,
      "n_codewords": 74,
      "raw_ber": 0.020859830418653948,
      "rs_codewords_failed": 0,
      "byte_errors": 0,
      "byte_exact": true,
      "rs_n": 255,
      "rs_k": 111,
      "gross_bps": 750.0,
      "projected_net_bps": 326.47058823529414,
      "source": "m5"
    },
    {
      "name": "m16_rs159_8k",
      "role": "m16-moderate",
      "scheme": "widespace",
      "phy": "WS_M16_K1_sp3_N256",
      "llm_offset": 8192,
      "payload_bytes": 8192,
      "n_frames": 26,
      "n_codewords": 52,
      "raw_ber": 0.02728129713423831,
      "rs_codewords_failed": 0,
      "byte_errors": 0,
      "byte_exact": true,
      "rs_n": 255,
      "rs_k": 159,
      "gross_bps": 750.0,
      "projected_net_bps": 467.6470588235294,
      "source": "m5"
    },
    {
      "name": "m16_rs191_8k",
      "role": "m16-target",
      "scheme": "widespace",
      "phy": "WS_M16_K1_sp3_N256",
      "llm_offset": 16384,
      "payload_bytes": 8192,
      "n_frames": 22,
      "n_codewords": 43,
      "raw_ber": 0.037802097583219334,
      "rs_codewords_failed": 8,
      "byte_errors": 1500,
      "byte_exact": false,
      "rs_n": 255,
      "rs_k": 191,
      "gross_bps": 750.0,
      "projected_net_bps": 561.7647058823529,
      "source": "m5"
    },
    {
      "name": "m16_rs223_8k",
      "role": "m16-stretch",
      "scheme": "widespace",
      "phy": "WS_M16_K1_sp3_N256",
      "llm_offset": 24576,
      "payload_bytes": 8192,
      "n_frames": 19,
      "n_codewords": 37,
      "raw_ber": 0.04920508744038156,
      "rs_codewords_failed": 37,
      "byte_errors": 8177,
      "byte_exact": false,
      "rs_n": 255,
      "rs_k": 223,
      "gross_bps": 750.0,
      "projected_net_bps": 655.8823529411765,
      "source": "m5"
    },
    {
      "name": "m32_rs95_4k",
      "role": "turbo-safe",
      "scheme": "widespace",
      "phy": "WS_M32_K2_sp2_N320",
      "llm_offset": 32768,
      "payload_bytes": 4096,
      "n_frames": 22,
      "n_codewords": 44,
      "raw_ber": 0.11854946524064171,
      "rs_codewords_failed": 1,
      "byte_errors": 95,
      "byte_exact": false,
      "rs_n": 255,
      "rs_k": 95,
      "gross_bps": 1200.0,
      "projected_net_bps": 447.05882352941177,
      "source": "m6"
    },
    {
      "name": "m32_rs111_4k",
      "role": "turbo-moderate",
      "scheme": "widespace",
      "phy": "WS_M32_K2_sp2_N320",
      "llm_offset": 36864,
      "payload_bytes": 4096,
      "n_frames": 19,
      "n_codewords": 37,
      "raw_ber": 0.11522257551669317,
      "rs_codewords_failed": 1,
      "byte_errors": 111,
      "byte_exact": false,
      "rs_n": 255,
      "rs_k": 111,
      "gross_bps": 1200.0,
      "projected_net_bps": 522.3529411764706,
      "source": "m6"
    },
    {
      "name": "m32_rs127_4k",
      "role": "turbo-fast",
      "scheme": "widespace",
      "phy": "WS_M32_K2_sp2_N320",
      "llm_offset": 40960,
      "payload_bytes": 4096,
      "n_frames": 17,
      "n_codewords": 33,
      "raw_ber": 0.11500297088532382,
      "rs_codewords_failed": 9,
      "byte_errors": 1143,
      "byte_exact": false,
      "rs_n": 255,
      "rs_k": 127,
      "gross_bps": 1200.0,
      "projected_net_bps": 597.6470588235294,
      "source": "m6"
    },
    {
      "name": "m32_rs159_4k",
      "role": "turbo-beats-m16-rs223",
      "scheme": "widespace",
      "phy": "WS_M32_K2_sp2_N320",
      "llm_offset": 45056,
      "payload_bytes": 4096,
      "n_frames": 13,
      "n_codewords": 26,
      "raw_ber": 0.10065987933634993,
      "rs_codewords_failed": 22,
      "byte_errors": 3441,
      "byte_exact": false,
      "rs_n": 255,
      "rs_k": 159,
      "gross_bps": 1200.0,
      "projected_net_bps": 748.2352941176471,
      "source": "m6"
    },
    {
      "name": "m32_rs191_4k",
      "role": "turbo-hero-stretch",
      "scheme": "widespace",
      "phy": "WS_M32_K2_sp2_N320",
      "llm_offset": 49152,
      "payload_bytes": 4096,
      "n_frames": 11,
      "n_codewords": 22,
      "raw_ber": 0.08591800356506239,
      "rs_codewords_failed": 21,
      "byte_errors": 3898,
      "byte_exact": false,
      "rs_n": 255,
      "rs_k": 191,
      "gross_bps": 1200.0,
      "projected_net_bps": 898.8235294117648,
      "source": "m6"
    }
  ],
  "n_byte_exact": 2,
  "n_payloads": 9
}