{
  "recording": "/Users/magnus/repos/cassette-ai/experiments/tape_v2/_sim_normal.wav",
  "sync": {
    "clock_ratio": 1.0000002927041014,
    "speed": 1.0000002927041014,
    "speed_offset": 2.927041014011422e-07,
    "chirp0_meas": 48013,
    "chirp1_meas": 47877900,
    "chirp0_nominal": 48013,
    "expected_chirp0": 48000,
    "expected_spacing": 47829873,
    "measured_spacing": 47829887,
    "resample_num": 1,
    "resample_den": 1
  },
  "sounder": {
    "chirp0_align_offset": 13,
    "noise_floor_rms": 0.0029615652349806636,
    "noise_floor_dbfs": -50.56957393255193,
    "snr_db_median": 56.56954541020214,
    "snr_db_p10": 51.40180865931324,
    "frac_below_8db": 0.0,
    "flutter_wrms_pct": 0.27404564751616567,
    "recovered_clock_from_tone": 1.00001239208613
  },
  "sounder_curves": {
    "freqs": [
      300.0,
      318.0,
      336.0,
      356.0,
      377.0,
      399.0,
      423.0,
      448.0,
      474.0,
      502.0,
      531.0,
      563.0,
      596.0,
      631.0,
      668.0,
      707.0,
      749.0,
      793.0,
      840.0,
      889.0,
      941.0,
      997.0,
      1055.0,
      1117.0,
      1183.0,
      1253.0,
      1326.0,
      1405.0,
      1487.0,
      1575.0,
      1667.0,
      1765.0,
      1869.0,
      1979.0,
      2096.0,
      2219.0,
      2350.0,
      2488.0,
      2634.0,
      2789.0,
      2953.0,
      3127.0,
      3311.0,
      3506.0,
      3712.0,
      3931.0,
      4162.0,
      4407.0,
      4666.0,
      4941.0,
      5231.0,
      5539.0,
      5865.0,
      6210.0,
      6575.0,
      6962.0,
      7372.0,
      7806.0,
      8265.0,
      8751.0,
      9266.0,
      9811.0,
      10389.0,
      11000.0
    ],
    "H_db": [
      -0.0689813446931285,
      -1.1571929598639454e-14,
      -1.1571929598639454e-14,
      -0.15276579954275413,
      -0.23919044967966566,
      -0.4983411146119605,
      -0.4983411146119605,
      -0.6268594324087684,
      -0.7298216646289301,
      -0.9470368677693218,
      -1.1543119223502087,
      -1.844310215776761,
      -2.0617400638521257,
      -2.3110336839171985,
      -2.0979962373945367,
      -2.352750430244402,
      -2.555430558337357,
      -2.401421947262707,
      -3.0258746013367532,
      -2.5719431744837413,
      -2.901086452223331,
      -2.8609225448130187,
      -3.0575806252793543,
      -3.439156000050751,
      -3.419647032462726,
      -3.739863279950637,
      -3.874627250674073,
      -3.7970157499717407,
      -4.147514385376006,
      -4.359661457982544,
      -4.396059402983791,
      -4.522481736346903,
      -4.802550850799072,
      -4.754439142753352,
      -5.1084165809096564,
      -5.1796389106125655,
      -5.205185504572556,
      -5.409208316284176,
      -5.717582763645462,
      -5.914322350793181,
      -6.016047896014603,
      -6.15860902927063,
      -6.396281320873318,
      -6.448495783385616,
      -6.664304336848916,
      -6.903419868195147,
      -7.322342088347731,
      -7.516533629182574,
      -7.6588754255346245,
      -7.892171707056434,
      -7.997162879661324,
      -8.089179676933274,
      -8.25119657172771,
      -8.42377592121886,
      -8.624210825960741,
      -9.054818542644819,
      -9.345097906857356,
      -9.403353164453778,
      -9.811344509881371,
      -9.97672109182062,
      -10.30230913879375,
      -11.611556216374533,
      -13.321293112440909,
      -16.646889092254355
    ],
    "snr_db_per_tone": [
      58.572857826970164,
      55.425876888607384,
      54.260660344020444,
      58.07939717417366,
      58.77250811295515,
      57.80231688381168,
      58.89856295263858,
      59.90999036272242,
      58.11424674968052,
      57.29067619434226,
      58.84895305469719,
      59.546685007699985,
      60.588988384047,
      59.80546820899064,
      58.70394501753384,
      56.49947663602865,
      57.345959113226854,
      59.57182139814811,
      57.89338267661976,
      59.45721950755542,
      59.000986199854836,
      58.709174578441996,
      58.003075761909656,
      59.471595638312415,
      58.39140364554454,
      60.21203425926363,
      58.556730192882746,
      58.90313713877343,
      55.32792668635798,
      55.9357193512014,
      54.362646291068096,
      55.561941203491344,
      54.2576821116844,
      53.28144689149087,
      53.627712803757106,
      54.54401840285428,
      56.026872871118556,
      56.10956677620189,
      56.57784531204153,
      55.39344943241762,
      56.56124550836275,
      55.96050455050771,
      55.67684084145067,
      56.618635737312,
      56.94263584848922,
      57.261433252984176,
      56.71018539239326,
      57.01732404374958,
      57.79884237658712,
      55.94949182893735,
      54.83049088760393,
      55.56530736398926,
      54.90190961817311,
      53.59856086172289,
      53.6319785102443,
      51.88698952152318,
      51.19387400408041,
      52.285241093876294,
      50.624184430296495,
      50.181223251006045,
      50.6565034023133,
      49.35965490108268,
      48.20787649166016,
      45.89283462761385
    ]
  },
  "per_config": {
    "mfsk32": {
      "reps": 89,
      "passes": 89,
      "payload_bytes_total": 8544,
      "payload_bytes_delivered": 8544,
      "passrate": 1.0,
      "gross_bps": 1037.1640046747175,
      "raw_ber": 0.0,
      "proj_net_bps": 977.8974901218764,
      "proj_P_full": 1.0,
      "recoverable_with_FEC": true
    },
    "c1_gray_m16": {
      "reps": 88,
      "passes": 86,
      "payload_bytes_total": 8448,
      "payload_bytes_delivered": 8256,
      "passrate": 0.9772727272727273,
      "gross_bps": 1137.5185142987352,
      "raw_ber": 4.020154373927959e-05,
      "proj_net_bps": 996.6828887188918,
      "proj_P_full": 1.0,
      "recoverable_with_FEC": true
    },
    "c2_m32_k2": {
      "reps": 88,
      "passes": 88,
      "payload_bytes_total": 8448,
      "payload_bytes_delivered": 8448,
      "passrate": 1.0,
      "gross_bps": 1391.7407213800313,
      "raw_ber": 0.0,
      "proj_net_bps": 1312.2126801583152,
      "proj_P_full": 1.0,
      "recoverable_with_FEC": true
    },
    "c2_m32_k4": {
      "reps": 88,
      "passes": 85,
      "payload_bytes_total": 8448,
      "payload_bytes_delivered": 8160,
      "passrate": 0.9659090909090909,
      "gross_bps": 1896.0262070930066,
      "raw_ber": 0.0007375437062937061,
      "proj_net_bps": 1534.87835812291,
      "proj_P_full": 1.0,
      "recoverable_with_FEC": true
    },
    "c2_m48_k6": {
      "reps": 88,
      "passes": 85,
      "payload_bytes_total": 8448,
      "payload_bytes_delivered": 8160,
      "passrate": 0.9659090909090909,
      "gross_bps": 1904.616558565433,
      "raw_ber": 0.0006146197552447552,
      "proj_net_bps": 1541.832452172017,
      "proj_P_full": 1.0,
      "recoverable_with_FEC": true
    },
    "c4_bpsk": {
      "reps": 88,
      "passes": 88,
      "payload_bytes_total": 8448,
      "payload_bytes_delivered": 8448,
      "passrate": 1.0,
      "gross_bps": 529.2620865139949,
      "raw_ber": 0.0010286050156739811,
      "proj_net_bps": 403.24730401066273,
      "proj_P_full": 1.0,
      "recoverable_with_FEC": true
    },
    "c4_qpsk": {
      "reps": 88,
      "passes": 81,
      "payload_bytes_total": 8448,
      "payload_bytes_delivered": 7776,
      "passrate": 0.9204545454545454,
      "gross_bps": 2133.3333333333335,
      "raw_ber": 0.0022515363424454333,
      "proj_net_bps": 1625.3968253968255,
      "proj_P_full": 1.0,
      "recoverable_with_FEC": true
    },
    "c4_realmodel": {
      "reps": 89,
      "passes": 69,
      "payload_bytes_total": 8544,
      "payload_bytes_delivered": 6624,
      "passrate": 0.7752808988764045,
      "gross_bps": 417.6706827309237,
      "raw_ber": 0.0004850052542235874,
      "proj_net_bps": 338.11436221074774,
      "proj_P_full": 1.0,
      "recoverable_with_FEC": true
    },
    "c4_simloaded": {
      "reps": 88,
      "passes": 84,
      "payload_bytes_total": 8448,
      "payload_bytes_delivered": 8064,