{
  "recording": "/Users/magnus/repos/cassette-ai/experiments/tape_v2/_sim_worn.wav",
  "sync": {
    "clock_ratio": 0.8799991377773468,
    "speed": 0.8799991377773468,
    "speed_offset": -0.12000086222265316,
    "chirp0_meas": 42230,
    "chirp1_meas": 42132477,
    "chirp0_nominal": 47988,
    "expected_chirp0": 48000,
    "expected_spacing": 47829873,
    "measured_spacing": 42090247,
    "resample_num": 25,
    "resample_den": 22
  },
  "sounder": {
    "chirp0_align_offset": -12,
    "noise_floor_rms": 0.004888807969652844,
    "noise_floor_dbfs": -46.215940426161296,
    "snr_db_median": 42.939560202397075,
    "snr_db_p10": 32.575880196583846,
    "frac_below_8db": 0.015625,
    "flutter_wrms_pct": 0.5309413756434248,
    "recovered_clock_from_tone": 0.9999765314081022
  },
  "sounder_curves": {
    "freqs": [
      300.0,
      318.0,
      336.0,
      356.0,
      377.0,
      399.0,
      423.0,
      448.0,
      474.0,
      502.0,
      531.0,
      563.0,
      596.0,
      631.0,
      668.0,
      707.0,
      749.0,
      793.0,
      840.0,
      889.0,
      941.0,
      997.0,
      1055.0,
      1117.0,
      1183.0,
      1253.0,
      1326.0,
      1405.0,
      1487.0,
      1575.0,
      1667.0,
      1765.0,
      1869.0,
      1979.0,
      2096.0,
      2219.0,
      2350.0,
      2488.0,
      2634.0,
      2789.0,
      2953.0,
      3127.0,
      3311.0,
      3506.0,
      3712.0,
      3931.0,
      4162.0,
      4407.0,
      4666.0,
      4941.0,
      5231.0,
      5539.0,
      5865.0,
      6210.0,
      6575.0,
      6962.0,
      7372.0,
      7806.0,
      8265.0,
      8751.0,
      9266.0,
      9811.0,
      10389.0,
      11000.0
    ],
    "H_db": [
      -1.8322221864512472e-14,
      -1.8322221864512472e-14,
      -0.015606276336549612,
      -0.015606276336549612,
      -0.061180910590670545,
      -0.806345983906182,
      -0.8272730830913535,
      -0.8366308272172274,
      -0.9951481693059394,
      -0.9951481693059394,
      -1.2298013199641569,
      -1.5132679913845508,
      -1.9570315617442346,
      -1.7326472245600617,
      -2.012875271652023,
      -2.2896138398973704,
      -2.5255855953895945,
      -2.73409649823798,
      -2.7958160029592594,
      -2.8695728246479844,
      -2.9471032975056675,
      -3.161273528280632,
      -3.2346232595872957,
      -3.3766564386445856,
      -3.2916324778073927,
      -3.7852220789401407,
      -3.7191586623851243,
      -4.013470999691001,
      -4.392558385230051,
      -4.233689239893606,
      -4.643178826737707,
      -4.799073971256832,
      -4.805219432763,
      -5.208250844118472,
      -5.258683428881196,
      -5.391357508763593,
      -5.583580149521552,
      -5.878255758661242,
      -6.0808784494099015,
      -6.290660184060748,
      -6.066358108057677,
      -6.07774245403489,
      -5.940866756785942,
      -6.134036494158195,
      -6.396564401921782,
      -6.458681709270564,
      -6.5263854592558594,
      -6.896622656171424,
      -7.189484634650754,
      -7.5330389410569785,
      -7.960682981735721,
      -7.851523263796668,
      -8.489372589364912,
      -9.451313353274596,
      -10.3693236435742,
      -11.35146017732099,
      -12.926865885049171,
      -15.699207522711852,
      -19.109151896007166,
      -24.220590347060742,
      -30.110813313686045,
      -36.21483573548177,
      -43.608418433773736,
      -45.257333276797354
    ],
    "snr_db_per_tone": [
      42.2548675412101,
      32.822043736864316,
      30.090568888261295,
      42.21260412201502,
      41.90112986103305,
      40.24259964707461,
      43.010717293811716,
      44.0454932712109,
      41.77160214440047,
      41.64732444543947,
      42.54410971985479,
      43.049762314877576,
      44.71527704573649,
      45.84801596553304,
      45.06142793142046,
      37.943623916429175,
      41.5224922056055,
      43.520388366328135,
      44.06558018605597,
      46.034586473650904,
      46.95153933683103,
      45.21908803559765,
      45.32515420702061,
      44.808446926455076,
      47.80793568076318,
      45.2089964414929,
      47.75705271080942,
      45.04299442812686,
      41.38943716619146,
      42.79547599718554,
      40.503619132305566,
      37.552866342467354,
      36.935796380755185,
      33.99899434217643,
      32.47038153646364,
      42.116273700354824,
      45.864334007021554,
      46.09193319995771,
      47.22747115379939,
      47.77325794416704,
      47.994665100856444,
      47.46473986687366,
      47.4293125176754,
      46.570610944844105,
      46.30720749430851,
      46.92290104291981,
      45.02226172877357,
      44.40327333562087,
      43.412284511083016,
      42.82308291335853,
      42.87309685839408,
      43.608400105742135,
      43.006023546400066,
      41.34066735236474,
      41.304059036796694,
      39.87017941878228,
      40.00840482771235,
      35.641302505339056,
      33.216865862044315,
      28.559648796352313,
      24.701305396976238,
      18.267122262691135,
      11.040654168562348,
      7.933754317856999
    ]
  },
  "per_config": {
    "mfsk32": {
      "reps": 89,
      "passes": 5,
      "payload_bytes_total": 8544,
      "payload_bytes_delivered": 480,
      "passrate": 0.056179775280898875,
      "gross_bps": 1037.1640046747175,
      "raw_ber": 0.03550139790051168,
      "proj_net_bps": 395.11009701894,
      "proj_P_full": 1.0,
      "recoverable_with_FEC": true
    },
    "c1_gray_m16": {
      "reps": 88,
      "passes": 33,
      "payload_bytes_total": 8448,
      "payload_bytes_delivered": 3168,
      "passrate": 0.375,
      "gross_bps": 1137.5185142987352,
      "raw_ber": 0.03770904802744426,
      "proj_net_bps": 433.34038639951814,
      "proj_P_full": 1.0,
      "recoverable_with_FEC": true
    },
    "c2_m32_k2": {
      "reps": 88,
      "passes": 51,
      "payload_bytes_total": 8448,
      "payload_bytes_delivered": 4896,
      "passrate": 0.5795454545454546,
      "gross_bps": 1391.7407213800313,
      "raw_ber": 0.01796055506993007,
      "proj_net_bps": 729.0070445323975,
      "proj_P_full": 1.0,
      "recoverable_with_FEC": true
    },
    "c2_m32_k4": {
      "reps": 88,
      "passes": 13,
      "payload_bytes_total": 8448,
      "payload_bytes_delivered": 1248,
      "passrate": 0.14772727272727273,
      "gross_bps": 1896.0262070930066,
      "raw_ber": 0.0780430506993007,
      "proj_net_bps": 361.1478489700965,
      "proj_P_full": 1.0,
      "recoverable_with_FEC": true
    },
    "c2_m48_k6": {
      "reps": 88,
      "passes": 1,
      "payload_bytes_total": 8448,
      "payload_bytes_delivered": 96,
      "passrate": 0.011363636363636364,
      "gross_bps": 1904.616558565433,
      "raw_ber": 0.1507184222027972,
      "proj_net_bps": 90.69602659835395,
      "proj_P_full": 0.0,
      "recoverable_with_FEC": false
    },
    "c4_bpsk": {
      "reps": 88,
      "passes": 47,
      "payload_bytes_total": 8448,
      "payload_bytes_delivered": 4512,
      "passrate": 0.5340909090909091,
      "gross_bps": 529.2620865139949,
      "raw_ber": 0.2237385459368218,
      "proj_net_bps": 25.20295650066642,
      "proj_P_full": 0.0,
      "recoverable_with_FEC": false
    },
    "c4_qpsk": {
      "reps": 88,
      "passes": 0,
      "payload_bytes_total": 8448,
      "payload_bytes_delivered": 0,
      "passrate": 0.0,
      "gross_bps": 2133.3333333333335,
      "raw_ber": 0.2640919686374232,
      "proj_net_bps": 101.5873015873016,
      "proj_P_full": 0.0,
      "recoverable_with_FEC": false
    },
    "c4_realmodel": {
      "reps": 89,
      "passes": 0,
      "payload_bytes_total": 8544,
      "payload_bytes_delivered": 0,
      "passrate": 0.0,
      "gross_bps": 417.6706827309237,
      "raw_ber": 0.2219303209118099,
      "proj_net_bps": 19.889080130043986,
      "proj_P_full": 0.0,
      "recoverable_with_FEC": false
    },
    "c4_simloaded": {
      "reps": 88,
      "passes": 0,
      "payload_bytes_total": 8448,