{
  "recording": "captures/voicememo_trim.wav",
  "sync": {
    "clock_ratio": 1.0087402699145782,
    "speed": 1.0087402699145782,
    "speed_offset": 0.008740269914578214,
    "chirp0_meas": 200236,
    "chirp1_meas": 48448155,
    "chirp0_nominal": 198449,
    "expected_chirp0": 48000,
    "expected_spacing": 47829873,
    "measured_spacing": 48247919,
    "resample_num": 17734,
    "resample_den": 17889
  },
  "sounder": {
    "chirp0_align_offset": 150449,
    "noise_floor_rms": 0.07479080598279608,
    "noise_floor_dbfs": -22.523035731574936,
    "snr_db_median": 13.738338688095892,
    "snr_db_p10": 7.022803734220245,
    "frac_below_8db": 0.1875,
    "flutter_wrms_pct": 74.87414783178082,
    "recovered_clock_from_tone": 0.8545880937604279
  },
  "sounder_curves": {
    "freqs": [
      300.0,
      318.0,
      336.0,
      356.0,
      377.0,
      399.0,
      423.0,
      448.0,
      474.0,
      502.0,
      531.0,
      563.0,
      596.0,
      631.0,
      668.0,
      707.0,
      749.0,
      793.0,
      840.0,
      889.0,
      941.0,
      997.0,
      1055.0,
      1117.0,
      1183.0,
      1253.0,
      1326.0,
      1405.0,
      1487.0,
      1575.0,
      1667.0,
      1765.0,
      1869.0,
      1979.0,
      2096.0,
      2219.0,
      2350.0,
      2488.0,
      2634.0,
      2789.0,
      2953.0,
      3127.0,
      3311.0,
      3506.0,
      3712.0,
      3931.0,
      4162.0,
      4407.0,
      4666.0,
      4941.0,
      5231.0,
      5539.0,
      5865.0,
      6210.0,
      6575.0,
      6962.0,
      7372.0,
      7806.0,
      8265.0,
      8751.0,
      9266.0,
      9811.0,
      10389.0,
      11000.0
    ],
    "H_db": [
      -9.045707910501829,
      -9.36128906316068,
      -0.2923642323053155,
      -0.2923642323053155,
      -1.2661619635845582e-12,
      -0.2798826977936569,
      -0.2798826977936569,
      -9.110906007446612,
      -8.882927709603495,
      -4.469609591410341,
      -4.469609591410341,
      -9.247483946592002,
      -6.201888557713946,
      -5.716329991771767,
      -5.716329991771767,
      -7.3538754581406165,
      -9.198772418478022,
      -10.505144855137935,
      -12.933067840390182,
      -12.008709994168271,
      -11.936152415423173,
      -9.698527105552069,
      -16.17858622874505,
      -14.67426634018853,
      -9.027179345752142,
      -15.029249559555502,
      -16.130562164219747,
      -19.129895722950966,
      -10.664215775076544,
      -10.795584232853116,
      -19.004688165327885,
      -17.675516774242443,
      -13.387698547528764,
      -15.869918318444345,
      -18.671136963943383,
      -26.08627358996213,
      -23.47764528257453,
      -20.60622171123391,
      -23.105155021545947,
      -26.547618524611774,
      -25.663338994945818,
      -30.22606224411424,
      -26.033937450855113,
      -19.04980249218594,
      -16.644323308339086,
      -13.287473774528438,
      -9.7392365625281,
      -17.26395550677143,
      -28.814689554456393,
      -26.384482408041386,
      -25.738327733014174,
      -29.26914860437288,
      -31.216256534083794,
      -34.278570275302,
      -35.574007133936675,
      -28.403514488548673,
      -22.758765616126283,
      -31.596266779845273,
      -32.58546997299652,
      -38.25196940899183,
      -29.52029572027818,
      -31.519639402911142,
      -26.173118713732922,
      -30.685429576199155
    ],
    "snr_db_per_tone": [
      14.613435353693065,
      15.132923770208684,
      24.799523643354892,
      25.231782844933278,
      24.76693744900355,
      24.231470015965687,
      23.207354120763924,
      16.078001841538406,
      16.848420648304756,
      21.818780195941812,
      23.030639754125275,
      17.118060670917615,
      21.54461433460615,
      20.199619826806735,
      20.262272520080387,
      20.858609563306395,
      18.414448261381963,
      14.56544496482172,
      15.811506486460633,
      19.591923077064113,
      19.10951532779139,
      19.446067967555518,
      10.055156002332994,
      10.181002895705117,
      18.290054595609003,
      11.820153852570998,
      11.409189236054774,
      7.501284815007571,
      20.26506596085644,
      20.67468708486054,
      7.128615425600801,
      9.973556759534874,
      16.157132823380287,
      15.739564564610522,
      18.361221421522224,
      9.92086732061311,
      7.75982127240942,
      11.455625729097932,
      12.548631407722223,
      11.65118937825878,
      16.971567098146853,
      10.260284485196882,
      3.9867722013320583,
      7.317297034834991,
      10.65149366591601,
      4.521826811569302,
      14.805330711957684,
      17.352403622755453,
      10.406470432828286,
      6.943345554836844,
      5.517021716106134,
      14.957747775859103,
      12.815461717592356,
      9.998578084078671,
      6.393761965184522,
      7.361350443388148,
      12.911232411370063,
      10.10908836250876,
      8.718942247136388,
      5.419338941596166,
      11.115199087279334,
      8.08132389172167,
      9.21705689809644,
      6.977455866485721
    ]
  },
  "per_config": {
    "mfsk32": {
      "reps": 89,
      "passes": 0,
      "payload_bytes_total": 8544,
      "payload_bytes_delivered": 0,
      "passrate": 0.0,
      "gross_bps": 1037.1640046747175,
      "raw_ber": 0.5627604578783563,
      "proj_net_bps": 49.3887621273675,
      "proj_P_full": 0.0,
      "recoverable_with_FEC": false
    },
    "c1_gray_m16": {
      "reps": 88,
      "passes": 0,
      "payload_bytes_total": 8448,
      "payload_bytes_delivered": 0,
      "passrate": 0.0,
      "gross_bps": 1137.5185142987352,
      "raw_ber": 0.5904266723842195,
      "proj_net_bps": 54.16754829993977,
      "proj_P_full": 0.0,
      "recoverable_with_FEC": false
    },
    "c2_m32_k2": {
      "reps": 88,
      "passes": 0,
      "payload_bytes_total": 8448,
      "payload_bytes_delivered": 0,
      "passrate": 0.0,
      "gross_bps": 1391.7407213800313,
      "raw_ber": 0.5537860576923076,
      "proj_net_bps": 66.2733676847634,
      "proj_P_full": 0.0,
      "recoverable_with_FEC": false
    },
    "c2_m32_k4": {
      "reps": 88,
      "passes": 0,
      "payload_bytes_total": 8448,
      "payload_bytes_delivered": 0,
      "passrate": 0.0,
      "gross_bps": 1896.0262070930066,
      "raw_ber": 0.5390898164335665,
      "proj_net_bps": 90.28696224252413,
      "proj_P_full": 0.0,
      "recoverable_with_FEC": false
    },
    "c2_m48_k6": {
      "reps": 88,
      "passes": 0,
      "payload_bytes_total": 8448,
      "payload_bytes_delivered": 0,
      "passrate": 0.0,
      "gross_bps": 1904.616558565433,
      "raw_ber": 0.5570503715034966,
      "proj_net_bps": 90.69602659835395,
      "proj_P_full": 0.0,
      "recoverable_with_FEC": false
    },
    "c4_bpsk": {
      "reps": 88,
      "passes": 0,
      "payload_bytes_total": 8448,
      "payload_bytes_delivered": 0,
      "passrate": 0.0,
      "gross_bps": 529.2620865139949,
      "raw_ber": 0.7003349559922836,
      "proj_net_bps": 25.20295650066642,
      "proj_P_full": 0.0,
      "recoverable_with_FEC": false
    },
    "c4_qpsk": {
      "reps": 88,
      "passes": 0,
      "payload_bytes_total": 8448,
      "payload_bytes_delivered": 0,
      "passrate": 0.0,
      "gross_bps": 2133.3333333333335,
      "raw_ber": 0.57932030091121,
      "proj_net_bps": 101.5873015873016,
      "proj_P_full": 0.0,
      "recoverable_with_FEC": false
    },
    "c4_realmodel": {
      "reps": 89,
      "passes": 0,
      "payload_bytes_total": 8544,
      "payload_bytes_delivered": 0,
      "passrate": 0.0,
      "gross_bps": 417.6706827309237,
      "raw_ber": 0.7285048365801741,
      "proj_net_bps": 19.889080130043986,
      "proj_P_full": 0.0,
      "recoverable_with_FEC": false
    },
    "c4_simloaded": {
      "reps": 88,
      "passes": 0,
      "payload_bytes_total": 8448,
      "payload_bytes_delivered": 0,
      "passrate": 0.0,
      "gross_bps": 1953.0516431924882,
      "raw_ber": 0.5622476263232566,