{
  "recording": "captures/tape_stereo_run1_R.wav",
  "sync": {
    "clock_ratio": 1.0017563709608845,
    "speed": 1.0017563709608845,
    "speed_offset": 0.0017563709608845457,
    "chirp0_meas": 1495095,
    "chirp1_meas": 49408975,
    "chirp0_nominal": 1492456,
    "expected_chirp0": 48000,
    "expected_spacing": 47829873,
    "measured_spacing": 47913880,
    "resample_num": 17650,
    "resample_den": 17681
  },
  "sounder": {
    "chirp0_align_offset": 1444456,
    "noise_floor_rms": 0.003107520643296966,
    "noise_floor_dbfs": -50.15171955306548,
    "snr_db_median": 40.12952499268988,
    "snr_db_p10": 32.68735896513164,
    "frac_below_8db": 0.0,
    "flutter_wrms_pct": 0.3084454398611007,
    "recovered_clock_from_tone": 0.9985583455502381
  },
  "sounder_curves": {
    "freqs": [
      300.0,
      318.0,
      336.0,
      356.0,
      377.0,
      399.0,
      423.0,
      448.0,
      474.0,
      502.0,
      531.0,
      563.0,
      596.0,
      631.0,
      668.0,
      707.0,
      749.0,
      793.0,
      840.0,
      889.0,
      941.0,
      997.0,
      1055.0,
      1117.0,
      1183.0,
      1253.0,
      1326.0,
      1405.0,
      1487.0,
      1575.0,
      1667.0,
      1765.0,
      1869.0,
      1979.0,
      2096.0,
      2219.0,
      2350.0,
      2488.0,
      2634.0,
      2789.0,
      2953.0,
      3127.0,
      3311.0,
      3506.0,
      3712.0,
      3931.0,
      4162.0,
      4407.0,
      4666.0,
      4941.0,
      5231.0,
      5539.0,
      5865.0,
      6210.0,
      6575.0,
      6962.0,
      7372.0,
      7806.0,
      8265.0,
      8751.0,
      9266.0,
      9811.0,
      10389.0,
      11000.0
    ],
    "H_db": [
      -1.2536257065192741e-14,
      -1.2536257065192741e-14,
      -0.5482603467694067,
      -0.26841066893272636,
      -0.26841066893272636,
      -0.12714032397124325,
      -0.19191281084746553,
      -0.19191281084746553,
      -0.20298099152212853,
      -0.4180683780384497,
      -0.4180683780384497,
      -1.096322008820801,
      -0.9043763118711259,
      -1.2643610966943144,
      -1.7547531177899087,
      -1.0911306475930045,
      -1.939687740601205,
      -1.3841361453261778,
      -1.866869401609059,
      -2.007382465775575,
      -2.000508915121726,
      -2.2596212908858138,
      -2.587383960674903,
      -2.8477813839522907,
      -2.9828699137413324,
      -3.422149240632271,
      -3.7753235384486366,
      -4.444673219020786,
      -4.660198725416833,
      -5.286396854088563,
      -5.558141914201959,
      -6.199841928328614,
      -6.41417327653972,
      -6.469690168137857,
      -7.037988575714349,
      -7.200590197999498,
      -7.276948045344636,
      -7.034050423385823,
      -7.175192609063985,
      -7.84334411075228,
      -7.825431986351598,
      -8.14032341032727,
      -8.8488661208692,
      -10.294436800543778,
      -10.482384807481626,
      -10.483518219033748,
      -10.777683967214456,
      -10.337125122462494,
      -10.181583147639909,
      -10.309918750041657,
      -9.490332588096864,
      -9.824989769558973,
      -10.024190222662021,
      -10.865549222773872,
      -12.228228629944056,
      -13.817538919675883,
      -12.867049125591276,
      -12.495092956587953,
      -12.787531325237538,
      -13.163388275551299,
      -14.17297890476372,
      -16.066384898926927,
      -16.908290465065107,
      -16.815726193216513
    ],
    "snr_db_per_tone": [
      39.98461941672125,
      39.53502235261327,
      38.831396974547864,
      40.40148181359599,
      40.45383650795226,
      40.59416199766366,
      40.819140635890214,
      41.13805711161675,
      39.945971733170715,
      38.013022341808465,
      37.910247977238924,
      38.496537475450495,
      41.85885514029459,
      40.308109195139366,
      38.48988553172292,
      36.87230001783878,
      36.891599985459806,
      38.585401302697974,
      38.53215098560557,
      40.27443056865852,
      39.86166507144915,
      37.806910348730426,
      38.21208904298257,
      38.781904486717835,
      39.551443400986564,
      40.999211975816266,
      39.450172130992776,
      40.6083057612332,
      38.16106785518842,
      33.92636738098244,
      30.433094466335913,
      29.80018592511849,
      27.30819141976307,
      28.70618136502592,
      27.894653712570317,
      28.809159472849636,
      32.15635535833843,
      36.85046881515092,
      39.63391853738475,
      41.121019908853214,
      43.18355553477954,
      44.451301499752645,
      44.68469487857501,
      44.605926472924565,
      44.49936794509333,
      44.45353523025907,
      43.68417255852128,
      45.37383274443951,
      45.129050184643646,
      45.13972212093627,
      45.44174609153938,
      46.43402104326878,
      46.29118925631183,
      46.38707261661432,
      43.93439634618248,
      43.42469016786374,
      43.44646111217877,
      43.77161373959816,
      42.51018348686601,
      41.48379776408404,
      40.92124005868908,
      37.113940691382474,
      36.99778734393003,
      38.504781907072655
    ]
  },
  "per_config": {
    "mfsk32": {
      "reps": 89,
      "passes": 89,
      "payload_bytes_total": 8544,
      "payload_bytes_delivered": 8544,
      "passrate": 1.0,
      "gross_bps": 1037.1640046747175,
      "raw_ber": 0.0,
      "proj_net_bps": 977.8974901218764,
      "proj_P_full": 1.0,
      "recoverable_with_FEC": true
    },
    "c1_gray_m16": {
      "reps": 88,
      "passes": 87,
      "payload_bytes_total": 8448,
      "payload_bytes_delivered": 8352,
      "passrate": 0.9886363636363636,
      "gross_bps": 1137.5185142987352,
      "raw_ber": 0.0001072041166380789,
      "proj_net_bps": 920.848321098976,
      "proj_P_full": 1.0,
      "recoverable_with_FEC": true
    },
    "c2_m32_k2": {
      "reps": 88,
      "passes": 88,
      "payload_bytes_total": 8448,
      "payload_bytes_delivered": 8448,
      "passrate": 1.0,
      "gross_bps": 1391.7407213800313,
      "raw_ber": 0.0,
      "proj_net_bps": 1312.2126801583152,
      "proj_P_full": 1.0,
      "recoverable_with_FEC": true
    },
    "c2_m32_k4": {
      "reps": 88,
      "passes": 88,
      "payload_bytes_total": 8448,
      "payload_bytes_delivered": 8448,
      "passrate": 1.0,
      "gross_bps": 1896.0262070930066,
      "raw_ber": 0.0,
      "proj_net_bps": 1787.6818524019777,
      "proj_P_full": 1.0,
      "recoverable_with_FEC": true
    },
    "c2_m48_k6": {
      "reps": 88,
      "passes": 88,
      "payload_bytes_total": 8448,
      "payload_bytes_delivered": 8448,
      "passrate": 1.0,
      "gross_bps": 1904.616558565433,
      "raw_ber": 5.463286713286713e-05,
      "proj_net_bps": 1668.8068894097128,
      "proj_P_full": 1.0,
      "recoverable_with_FEC": true
    },
    "c4_bpsk": {
      "reps": 88,
      "passes": 82,
      "payload_bytes_total": 8448,
      "payload_bytes_delivered": 7872,
      "passrate": 0.9318181818181818,
      "gross_bps": 529.2620865139949,
      "raw_ber": 0.002961478176995418,
      "proj_net_bps": 403.24730401066273,
      "proj_P_full": 1.0,
      "recoverable_with_FEC": true
    },
    "c4_qpsk": {
      "reps": 88,
      "passes": 8,
      "payload_bytes_total": 8448,
      "payload_bytes_delivered": 768,
      "passrate": 0.09090909090909091,
      "gross_bps": 2133.3333333333335,
      "raw_ber": 0.030819559228650137,
      "proj_net_bps": 812.6984126984128,
      "proj_P_full": 1.0,
      "recoverable_with_FEC": true
    },
    "c4_realmodel": {
      "reps": 89,
      "passes": 69,
      "payload_bytes_total": 8544,
      "payload_bytes_delivered": 6624,
      "passrate": 0.7752808988764045,
      "gross_bps": 417.6706827309237,
      "raw_ber": 0.04676258992805755,
      "proj_net_bps": 119.33448078026392,
      "proj_P_full": 1.0,
      "recoverable_with_FEC": true
    },
    "c4_simloaded": {
      "reps": 88,
      "passes": 73,
      "payload_bytes_total": 8448,
      "payload_bytes_delivered": 7008,
      "passrate": 0.8295454545454546,