{
  "recording": "captures/macmic_run1.wav",
  "sync": {
    "clock_ratio": 0.8020221379220471,
    "speed": 0.8020221379220471,
    "speed_offset": -0.19797786207795287,
    "chirp0_meas": 46177,
    "chirp1_meas": 38406794,
    "chirp0_nominal": 37432,
    "expected_chirp0": 48000,
    "expected_spacing": 47829873,
    "measured_spacing": 38360617,
    "resample_num": 7319,
    "resample_den": 5870
  },
  "sounder": {
    "chirp0_align_offset": -10568,
    "noise_floor_rms": 0.032980656002977324,
    "noise_floor_dbfs": -29.634814205097584,
    "snr_db_median": 9.511815172388777,
    "snr_db_p10": 6.398337874589258,
    "frac_below_8db": 0.28125,
    "flutter_wrms_pct": 95.56901509784493,
    "recovered_clock_from_tone": 0.7255885417222516
  },
  "sounder_curves": {
    "freqs": [
      300.0,
      318.0,
      336.0,
      356.0,
      377.0,
      399.0,
      423.0,
      448.0,
      474.0,
      502.0,
      531.0,
      563.0,
      596.0,
      631.0,
      668.0,
      707.0,
      749.0,
      793.0,
      840.0,
      889.0,
      941.0,
      997.0,
      1055.0,
      1117.0,
      1183.0,
      1253.0,
      1326.0,
      1405.0,
      1487.0,
      1575.0,
      1667.0,
      1765.0,
      1869.0,
      1979.0,
      2096.0,
      2219.0,
      2350.0,
      2488.0,
      2634.0,
      2789.0,
      2953.0,
      3127.0,
      3311.0,
      3506.0,
      3712.0,
      3931.0,
      4162.0,
      4407.0,
      4666.0,
      4941.0,
      5231.0,
      5539.0,
      5865.0,
      6210.0,
      6575.0,
      6962.0,
      7372.0,
      7806.0,
      8265.0,
      8751.0,
      9266.0,
      9811.0,
      10389.0,
      11000.0
    ],
    "H_db": [
      -9.393513851700648e-12,
      -1.4110195230296072,
      -1.4110195230296072,
      -4.806513614173135,
      -6.028985413348924,
      -6.341577315172316,
      -8.665761541681764,
      -9.176367389520404,
      -8.278193246399768,
      -7.926278402616851,
      -6.030918837834786,
      -5.050680860825345,
      -5.113367602802686,
      -6.250256213477288,
      -6.0027412128522775,
      -6.374274709368793,
      -3.65370087159971,
      -4.7208261921077534,
      -2.6516073353859833,
      -2.6516073353859833,
      -7.427451402794216,
      -8.232089432231527,
      -4.563721362097991,
      -9.10091709649916,
      -12.30601791547771,
      -13.302679680955931,
      -10.581928084780326,
      -12.2693894846836,
      -16.08744376977024,
      -15.837655066697833,
      -14.277728661431151,
      -13.627372025368441,
      -17.235779622949114,
      -13.110958268899717,
      -16.301399795552626,
      -16.43179823929628,
      -8.117552567097611,
      -19.737334400871383,
      -21.655460103744083,
      -19.38904563273798,
      -20.788333181869888,
      -20.67337597138975,
      -16.637185095238994,
      -19.500877885985133,
      -19.345417014163317,
      -19.028746832817493,
      -18.43298820060611,
      -19.981819774652752,
      -20.266118947480717,
      -22.215736282746064,
      -23.85349395299892,
      -23.65039093733811,
      -23.76116710477241,
      -22.555303245437397,
      -18.697343499035497,
      -20.486583478738694,
      -18.297494684407344,
      -20.898377301589043,
      -18.71444350874887,
      -9.01458873025346,
      -17.607028133922203,
      -18.789930240599965,
      -27.11050559184935,
      -25.75520843204159
    ],
    "snr_db_per_tone": [
      15.00764688003127,
      15.156730148778859,
      15.0724366457867,
      11.030610382404236,
      11.066125842307049,
      10.533197509544014,
      6.51776161466871,
      2.591062670434085,
      2.3543379307659573,
      6.484262675714156,
      11.78190024943763,
      13.902243882131195,
      14.367469009581747,
      10.366275023890786,
      8.321958430278872,
      6.578919619295585,
      6.069418817237095,
      8.563584259439805,
      15.068628357793287,
      17.593299054463095,
      13.503622355296375,
      9.400917144663213,
      13.730262964051727,
      12.478260859474668,
      8.153044181772865,
      6.696534889437124,
      13.818051532952687,
      13.179910012616192,
      7.988140592611894,
      7.384621799725691,
      9.28939483268698,
      12.561123825162703,
      4.464175646539832,
      12.665501903012897,
      9.5263396727397,
      10.20146634961079,
      20.401601718044443,
      9.084161837328162,
      6.361512959821444,
      10.014319852612825,
      9.137550364390318,
      3.7059304532885347,
      9.215771993639496,
      7.654078339259767,
      8.07121769582242,
      10.216016122278809,
      8.549720474609666,
      5.995047819630547,
      9.497290672037854,
      8.936443674743687,
      7.941347860189705,
      7.139840632766292,
      9.347005600297072,
      10.571780586137178,
      13.374622669140647,
      12.061122331034536,
      15.237839812653526,
      6.94871303391535,
      9.259541630872999,
      20.36102565905567,
      15.788978260883898,
      13.94151849640193,
      12.691891241357528,
      6.539227466031095
    ]
  },
  "per_config": {
    "mfsk32": {
      "reps": 89,
      "passes": 0,
      "payload_bytes_total": 8544,
      "payload_bytes_delivered": 0,
      "passrate": 0.0,
      "gross_bps": 1037.1640046747175,
      "raw_ber": 0.5943450967980165,
      "proj_net_bps": 49.3887621273675,
      "proj_P_full": 0.0,
      "recoverable_with_FEC": false
    },
    "c1_gray_m16": {
      "reps": 88,
      "passes": 0,
      "payload_bytes_total": 8448,
      "payload_bytes_delivered": 0,
      "passrate": 0.0,
      "gross_bps": 1137.5185142987352,
      "raw_ber": 0.5360741852487135,
      "proj_net_bps": 54.16754829993977,
      "proj_P_full": 0.0,
      "recoverable_with_FEC": false
    },
    "c2_m32_k2": {
      "reps": 88,
      "passes": 0,
      "payload_bytes_total": 8448,
      "payload_bytes_delivered": 0,
      "passrate": 0.0,
      "gross_bps": 1391.7407213800313,
      "raw_ber": 0.5534172858391608,
      "proj_net_bps": 66.2733676847634,
      "proj_P_full": 0.0,
      "recoverable_with_FEC": false
    },
    "c2_m32_k4": {
      "reps": 88,
      "passes": 0,
      "payload_bytes_total": 8448,
      "payload_bytes_delivered": 0,
      "passrate": 0.0,
      "gross_bps": 1896.0262070930066,
      "raw_ber": 0.5312090253496503,
      "proj_net_bps": 90.28696224252413,
      "proj_P_full": 0.0,
      "recoverable_with_FEC": false
    },
    "c2_m48_k6": {
      "reps": 88,
      "passes": 0,
      "payload_bytes_total": 8448,
      "payload_bytes_delivered": 0,
      "passrate": 0.0,
      "gross_bps": 1904.616558565433,
      "raw_ber": 0.5436516608391608,
      "proj_net_bps": 90.69602659835395,
      "proj_P_full": 0.0,
      "recoverable_with_FEC": false
    },
    "c4_bpsk": {
      "reps": 88,
      "passes": 0,
      "payload_bytes_total": 8448,
      "payload_bytes_delivered": 0,
      "passrate": 0.0,
      "gross_bps": 529.2620865139949,
      "raw_ber": 0.7155511514347721,
      "proj_net_bps": 25.20295650066642,
      "proj_P_full": 0.0,
      "recoverable_with_FEC": false
    },
    "c4_qpsk": {
      "reps": 88,
      "passes": 0,
      "payload_bytes_total": 8448,
      "payload_bytes_delivered": 0,
      "passrate": 0.0,
      "gross_bps": 2133.3333333333335,
      "raw_ber": 0.5847902097902098,
      "proj_net_bps": 101.5873015873016,
      "proj_P_full": 0.0,
      "recoverable_with_FEC": false
    },
    "c4_realmodel": {
      "reps": 89,
      "passes": 0,
      "payload_bytes_total": 8544,
      "payload_bytes_delivered": 0,
      "passrate": 0.0,
      "gross_bps": 417.6706827309237,
      "raw_ber": 0.7148573276210491,
      "proj_net_bps": 19.889080130043986,
      "proj_P_full": 0.0,
      "recoverable_with_FEC": false
    },
    "c4_simloaded": {
      "reps": 88,
      "passes": 0,
      "payload_bytes_total": 8448,
      "payload_bytes_delivered": 0,
      "passrate": 0.0,
      "gross_bps": 1953.0516431924882,
      "raw_ber": 0.5928462294008512,