{
  "recording": "captures/tape_stereo_run1_L.wav",
  "sync": {
    "clock_ratio": 1.0017562873311414,
    "speed": 1.0017562873311414,
    "speed_offset": 0.0017562873311414151,
    "chirp0_meas": 1495095,
    "chirp1_meas": 49408971,
    "chirp0_nominal": 1492456,
    "expected_chirp0": 48000,
    "expected_spacing": 47829873,
    "measured_spacing": 47913876,
    "resample_num": 19359,
    "resample_den": 19393
  },
  "sounder": {
    "chirp0_align_offset": 1444456,
    "noise_floor_rms": 0.003000317728552108,
    "noise_floor_dbfs": -50.45665503593788,
    "snr_db_median": 40.137039979696326,
    "snr_db_p10": 31.553589944309188,
    "frac_below_8db": 0.0,
    "flutter_wrms_pct": 0.3071570073529395,
    "recovered_clock_from_tone": 0.9985599172006315
  },
  "sounder_curves": {
    "freqs": [
      300.0,
      318.0,
      336.0,
      356.0,
      377.0,
      399.0,
      423.0,
      448.0,
      474.0,
      502.0,
      531.0,
      563.0,
      596.0,
      631.0,
      668.0,
      707.0,
      749.0,
      793.0,
      840.0,
      889.0,
      941.0,
      997.0,
      1055.0,
      1117.0,
      1183.0,
      1253.0,
      1326.0,
      1405.0,
      1487.0,
      1575.0,
      1667.0,
      1765.0,
      1869.0,
      1979.0,
      2096.0,
      2219.0,
      2350.0,
      2488.0,
      2634.0,
      2789.0,
      2953.0,
      3127.0,
      3311.0,
      3506.0,
      3712.0,
      3931.0,
      4162.0,
      4407.0,
      4666.0,
      4941.0,
      5231.0,
      5539.0,
      5865.0,
      6210.0,
      6575.0,
      6962.0,
      7372.0,
      7806.0,
      8265.0,
      8751.0,
      9266.0,
      9811.0,
      10389.0,
      11000.0
    ],
    "H_db": [
      -1.2536257065192741e-14,
      -1.2536257065192741e-14,
      -0.5407558148539121,
      -0.21364316886673232,
      -0.21364316886673232,
      -0.08900479666173458,
      -0.18777209527028654,
      -0.18777209527028654,
      -0.212005205873955,
      -0.4255186021985302,
      -0.4255186021985302,
      -1.0933769978712244,
      -0.9166359586180963,
      -1.2768931329053081,
      -1.747802808463337,
      -1.1700234246131231,
      -2.0042144362346703,
      -1.5365267012593666,
      -1.9445768668274215,
      -2.2112496612544192,
      -2.1495902691242996,
      -2.491514535034772,
      -2.870062540761177,
      -3.040859971238871,
      -3.2887391339348504,
      -3.7021858983589495,
      -4.095323154479554,
      -4.705399555454217,
      -5.0555388536721715,
      -5.715077684918592,
      -5.971584705481726,
      -6.465806629524936,
      -6.749777579578405,
      -6.837568867508766,
      -7.445434603937912,
      -7.611891107880875,
      -7.773577351431644,
      -7.6701995374053755,
      -7.88973156934056,
      -8.36705621789984,
      -8.54958092372745,
      -9.06943891734414,
      -9.947554502040292,
      -10.771287075009269,
      -11.124262177562233,
      -11.324882889415871,
      -11.524525310928569,
      -11.514718548126115,
      -11.491250208236712,
      -10.850702935607487,
      -10.48944166090618,
      -11.047920768628622,
      -11.349679172623159,
      -12.333689525171227,
      -13.585610047059744,
      -14.478712276655333,
      -13.745265750777698,
      -13.894423441970432,
      -13.914929377275715,
      -14.597623605211494,
      -16.00634415159179,
      -18.232546174151075,
      -18.552136073197318,
      -19.318246327806104
    ],
    "snr_db_per_tone": [
      39.20860201055508,
      38.738975188978685,
      38.2494863415981,
      40.170758923033354,
      40.10332103635929,
      40.45152689911923,
      40.41720927315082,
      40.82977976790744,
      39.7330980132389,
      37.82988622109775,
      38.286884318709824,
      39.04899512103438,
      41.85270838119236,
      40.69768660610932,
      38.02637772230641,
      36.97914422250935,
      36.35671539956852,
      39.012565912518355,
      38.687332858831226,
      40.45786643097557,
      39.97145599563342,
      37.90410663227507,
      37.628647144034694,
      38.10949687617435,
      40.61489575875078,
      40.893390779707815,
      39.504422243589865,
      40.23645626530117,
      38.147560531392855,
      32.99471313241385,
      30.436913685368335,
      29.478585604739777,
      27.31618705311903,
      28.607198209880703,
      27.367232898245298,
      28.82602401778044,
      30.93596572083576,
      35.489341223167926,
      38.97515713958291,
      43.32973534742125,
      43.17606283755666,
      44.581934726754106,
      44.24982005986258,
      45.28991598168679,
      45.27483339235169,
      43.68874678657363,
      43.536547433253865,
      45.345625370445795,
      44.44594815071403,
      45.6709553599159,
      46.229114997268034,
      46.15388397903282,
      45.12612158342708,
      45.61234771960307,
      43.50002484141423,
      42.852974407549304,
      42.62687902247124,
      41.69129023791037,
      41.630246074777624,
      41.6378586491267,
      40.88830188565139,
      37.06567234949529,
      36.951030811943205,
      37.72445973497589
    ]
  },
  "per_config": {
    "mfsk32": {
      "reps": 89,
      "passes": 75,
      "payload_bytes_total": 8544,
      "payload_bytes_delivered": 7200,
      "passrate": 0.8426966292134831,
      "gross_bps": 1037.1640046747175,
      "raw_ber": 0.0011341456981589914,
      "proj_net_bps": 790.22019403788,
      "proj_P_full": 1.0,
      "recoverable_with_FEC": true
    },
    "c1_gray_m16": {
      "reps": 88,
      "passes": 87,
      "payload_bytes_total": 8448,
      "payload_bytes_delivered": 8352,
      "passrate": 0.9886363636363636,
      "gross_bps": 1137.5185142987352,
      "raw_ber": 9.380360205831903e-05,
      "proj_net_bps": 996.6828887188918,
      "proj_P_full": 1.0,
      "recoverable_with_FEC": true
    },
    "c2_m32_k2": {
      "reps": 88,
      "passes": 88,
      "payload_bytes_total": 8448,
      "payload_bytes_delivered": 8448,
      "passrate": 1.0,
      "gross_bps": 1391.7407213800313,
      "raw_ber": 5.463286713286713e-05,
      "proj_net_bps": 1219.4299653996466,
      "proj_P_full": 1.0,
      "recoverable_with_FEC": true
    },
    "c2_m32_k4": {
      "reps": 88,
      "passes": 88,
      "payload_bytes_total": 8448,
      "payload_bytes_delivered": 8448,
      "passrate": 1.0,
      "gross_bps": 1896.0262070930066,
      "raw_ber": 0.0012838723776223777,
      "proj_net_bps": 1444.591395880386,
      "proj_P_full": 1.0,
      "recoverable_with_FEC": true
    },
    "c2_m48_k6": {
      "reps": 88,
      "passes": 87,
      "payload_bytes_total": 8448,
      "payload_bytes_delivered": 8352,
      "passrate": 0.9886363636363636,
      "gross_bps": 1904.616558565433,
      "raw_ber": 0.0033735795454545455,
      "proj_net_bps": 1269.7443723769552,
      "proj_P_full": 1.0,
      "recoverable_with_FEC": true
    },
    "c4_bpsk": {
      "reps": 88,
      "passes": 80,
      "payload_bytes_total": 8448,
      "payload_bytes_delivered": 7680,
      "passrate": 0.9090909090909091,
      "gross_bps": 529.2620865139949,
      "raw_ber": 0.025924237400530504,
      "proj_net_bps": 201.62365200533137,
      "proj_P_full": 1.0,
      "recoverable_with_FEC": true
    },
    "c4_qpsk": {
      "reps": 88,
      "passes": 1,
      "payload_bytes_total": 8448,
      "payload_bytes_delivered": 96,
      "passrate": 0.011363636363636364,
      "gross_bps": 2133.3333333333335,
      "raw_ber": 0.10705393091756726,
      "proj_net_bps": 101.5873015873016,
      "proj_P_full": 0.0,
      "recoverable_with_FEC": false
    },
    "c4_realmodel": {
      "reps": 89,
      "passes": 61,
      "payload_bytes_total": 8544,
      "payload_bytes_delivered": 5856,
      "passrate": 0.6853932584269663,
      "gross_bps": 417.6706827309237,
      "raw_ber": 0.16537331932207042,
      "proj_net_bps": 19.889080130043986,
      "proj_P_full": 0.0,
      "recoverable_with_FEC": false
    },
    "c4_simloaded": {
      "reps": 88,
      "passes": 43,