{
  "recording": "experiments/tape_v2/captures/voicememo_trim.wav",
  "sync": {
    "clock_ratio": 1.000091950902734,
    "speed": 1.000091950902734,
    "speed_offset": 9.195090273395046e-05,
    "chirp0_meas": 613884,
    "chirp1_meas": 48448155,
    "chirp0_nominal": 613827,
    "expected_chirp0": 48000,
    "expected_spacing": 47829873,
    "measured_spacing": 47834271,
    "resample_num": 10875,
    "resample_den": 10876
  },
  "sounder": {
    "chirp0_align_offset": 565827,
    "noise_floor_rms": 0.0012765965039395312,
    "noise_floor_dbfs": -57.87892698508728,
    "snr_db_median": 39.1310358538026,
    "snr_db_p10": 31.815341266842832,
    "frac_below_8db": 0.0,
    "flutter_wrms_pct": 0.4359332452137525,
    "recovered_clock_from_tone": 1.0006154215323957
  },
  "sounder_curves": {
    "freqs": [
      300.0,
      318.0,
      336.0,
      356.0,
      377.0,
      399.0,
      423.0,
      448.0,
      474.0,
      502.0,
      531.0,
      563.0,
      596.0,
      631.0,
      668.0,
      707.0,
      749.0,
      793.0,
      840.0,
      889.0,
      941.0,
      997.0,
      1055.0,
      1117.0,
      1183.0,
      1253.0,
      1326.0,
      1405.0,
      1487.0,
      1575.0,
      1667.0,
      1765.0,
      1869.0,
      1979.0,
      2096.0,
      2219.0,
      2350.0,
      2488.0,
      2634.0,
      2789.0,
      2953.0,
      3127.0,
      3311.0,
      3506.0,
      3712.0,
      3931.0,
      4162.0,
      4407.0,
      4666.0,
      4941.0,
      5231.0,
      5539.0,
      5865.0,
      6210.0,
      6575.0,
      6962.0,
      7372.0,
      7806.0,
      8265.0,
      8751.0,
      9266.0,
      9811.0,
      10389.0,
      11000.0
    ],
    "H_db": [
      -1.8318448664217424,
      -1.8318448664217424,
      -1.8318448664217424,
      -2.299974525976932,
      -2.299974525976932,
      -2.5352673799631793,
      -2.5352673799631793,
      -1.9598712658145332,
      -1.4366870241895158,
      -1.4366870241895158,
      -1.6801454304696197,
      -8.678947198979587e-15,
      -1.3254521695240837,
      -4.585976508840577,
      -2.3663333381101896,
      -1.6851723839394026,
      -1.8682823639140018,
      -2.190074078784857,
      -3.8140174588416347,
      -4.65322917628854,
      -5.1444435881972685,
      -6.8166154897383215,
      -7.0108251606706675,
      -5.023383139028541,
      -6.144501230218995,
      -6.746348426505625,
      -7.310989728624864,
      -9.284399919931198,
      -2.441001012348968,
      -6.623402716777338,
      -7.837590458308662,
      -11.328747824280939,
      -6.861212354944427,
      -11.155668011797973,
      -17.134303795598612,
      -18.07741994902348,
      -17.71958560861569,
      -14.175105150403681,
      -18.790607649414397,
      -19.736332103766458,
      -19.432672518984518,
      -37.548132484457405,
      -18.452738924972504,
      -13.228738633238917,
      -11.840359475551573,
      -8.392979147227585,
      -7.068600006379302,
      -17.980291024732047,
      -34.519211196336144,
      -24.951875093920677,
      -25.028851346191203,
      -32.65097511109766,
      -28.45533820558627,
      -34.18657398711365,
      -30.544202937116538,
      -25.269613902710603,
      -24.07396432204027,
      -33.532164664685446,
      -31.55447978628822,
      -36.123071605203556,
      -33.0498580577357,
      -33.550006755517046,
      -30.866662898963668,
      -31.69194282196111
    ],
    "snr_db_per_tone": [
      41.306744295628064,
      37.850570505800526,
      37.13389863472207,
      40.29566295432333,
      39.71171521264634,
      37.944929440303824,
      39.14390017276679,
      39.47686075700418,
      38.49289870002617,
      39.11817153483841,
      41.42158426537791,
      43.49133777927976,
      41.037032437281596,
      35.866997011528944,
      37.823682115503,
      37.35567029763218,
      40.76225151525448,
      41.02058018723825,
      39.81468813052003,
      39.45381493292208,
      40.73954846923943,
      36.282186799285334,
      35.32032967283842,
      38.60111184694177,
      38.633572234011964,
      41.61195764219991,
      36.3599204695503,
      31.802236180238932,
      40.486309600299045,
      35.10202341666209,
      34.1488700253293,
      28.916540367955644,
      33.91154112359575,
      31.783465694868802,
      30.022180286554203,
      30.44867786218232,
      31.845919802251935,
      38.630998830743245,
      38.72269015495811,
      40.29366295920294,
      49.42357119876762,
      24.236274205790323,
      38.83804714884505,
      44.328249464215176,
      42.4391483770416,
      42.759530308314595,
      47.03503369149762,
      40.79076023386157,
      34.314403625141225,
      40.164920396577166,
      41.38757618153725,
      48.97460630158739,
      46.964335158978166,
      46.60210578897818,
      44.31881542273402,
      41.5151388966473,
      46.08268377403084,
      46.23235297678394,
      41.224917412686665,
      39.099100839567434,
      38.064426338250314,
      33.25775592886855,
      34.431292131697404,
      31.48976763370729
    ]
  },
  "per_config": {
    "mfsk32": {
      "reps": 89,
      "passes": 0,
      "payload_bytes_total": 8544,
      "payload_bytes_delivered": 0,
      "passrate": 0.0,
      "gross_bps": 1037.1640046747175,
      "raw_ber": 0.24531835205992508,
      "proj_net_bps": 49.3887621273675,
      "proj_P_full": 0.0,
      "recoverable_with_FEC": false
    },
    "c1_gray_m16": {
      "reps": 88,
      "passes": 0,
      "payload_bytes_total": 8448,
      "payload_bytes_delivered": 0,
      "passrate": 0.0,
      "gross_bps": 1137.5185142987352,
      "raw_ber": 0.1749035162950257,
      "proj_net_bps": 54.16754829993977,
      "proj_P_full": 0.0,
      "recoverable_with_FEC": false
    },
    "c2_m32_k2": {
      "reps": 88,
      "passes": 0,
      "payload_bytes_total": 8448,
      "payload_bytes_delivered": 0,
      "passrate": 0.0,
      "gross_bps": 1391.7407213800313,
      "raw_ber": 0.11644995629370629,
      "proj_net_bps": 66.2733676847634,
      "proj_P_full": 0.0,
      "recoverable_with_FEC": false
    },
    "c2_m32_k4": {
      "reps": 88,
      "passes": 0,
      "payload_bytes_total": 8448,
      "payload_bytes_delivered": 0,
      "passrate": 0.0,
      "gross_bps": 1896.0262070930066,
      "raw_ber": 0.4013740166083916,
      "proj_net_bps": 90.28696224252413,
      "proj_P_full": 0.0,
      "recoverable_with_FEC": false
    },
    "c2_m48_k6": {
      "reps": 88,
      "passes": 0,
      "payload_bytes_total": 8448,
      "payload_bytes_delivered": 0,
      "passrate": 0.0,
      "gross_bps": 1904.616558565433,
      "raw_ber": 0.45040701486013984,
      "proj_net_bps": 90.69602659835395,
      "proj_P_full": 0.0,
      "recoverable_with_FEC": false
    },
    "c4_bpsk": {
      "reps": 88,
      "passes": 0,
      "payload_bytes_total": 8448,
      "payload_bytes_delivered": 0,
      "passrate": 0.0,
      "gross_bps": 529.2620865139949,
      "raw_ber": 0.3576964522546419,
      "proj_net_bps": 25.20295650066642,
      "proj_P_full": 0.0,
      "recoverable_with_FEC": false
    },
    "c4_qpsk": {
      "reps": 88,
      "passes": 0,
      "payload_bytes_total": 8448,
      "payload_bytes_delivered": 0,
      "passrate": 0.0,
      "gross_bps": 2133.3333333333335,
      "raw_ber": 0.42420269124814586,
      "proj_net_bps": 101.5873015873016,
      "proj_P_full": 0.0,
      "recoverable_with_FEC": false
    },
    "c4_realmodel": {
      "reps": 89,
      "passes": 0,
      "payload_bytes_total": 8544,
      "payload_bytes_delivered": 0,
      "passrate": 0.0,
      "gross_bps": 417.6706827309237,
      "raw_ber": 0.46648074798588096,
      "proj_net_bps": 19.889080130043986,
      "proj_P_full": 0.0,
      "recoverable_with_FEC": false
    },
    "c4_simloaded": {
      "reps": 88,
      "passes": 0,
      "payload_bytes_total": 8448,
      "payload_bytes_delivered": 0,
      "passrate": 0.0,
      "gross_bps": 1953.0516431924882,