{
  "clock_ratio": 1.0011699212118879,
  "speed": 1.0011699212118879,
  "speed_offset": 0.0011699212118878588,
  "chirp0_meas": 930895,
  "chirp1_meas": 28390471,
  "chirp0_nominal": 929800,
  "expected_chirp0": 48000,
  "expected_spacing": 27427488,
  "measured_spacing": 27459576,
  "resample_num": 17950,
  "resample_den": 17971,
  "align": 881800
}