{
  "clock_ratio": 1.0000008112683787,
  "speed": 1.0000008112683787,
  "speed_offset": 8.112683786976049e-07,
  "chirp0_meas": 48002,
  "chirp1_meas": 17304944,
  "chirp0_nominal": 48002,
  "expected_chirp0": 48000,
  "expected_spacing": 17256928,
  "measured_spacing": 17256942,
  "resample_num": 1,
  "resample_den": 1,
  "align": 2,
  "sounder": {
    "noise_floor_dbfs": -57.18615423891678,
    "snr_db_median": 59.500507729185315,
    "flutter_wrms_pct": 0.07926497153874115
  }
}