{
  "clock_ratio": 1.0000006374251547,
  "speed": 1.0000006374251547,
  "speed_offset": 6.374251546592546e-07,
  "chirp0_meas": 48003,
  "chirp1_meas": 17304942,
  "chirp0_nominal": 48003,
  "expected_chirp0": 48000,
  "expected_spacing": 17256928,
  "measured_spacing": 17256939,
  "resample_num": 1,
  "resample_den": 1,
  "align": 3,
  "sounder": {
    "noise_floor_dbfs": -61.28843855180183,
    "snr_db_median": 59.221558027354575,
    "flutter_wrms_pct": 0.06667593327916863
  }
}