{
  "clock_ratio": 1.001700281833187,
  "speed": 1.001700281833187,
  "speed_offset": 0.001700281833187045,
  "chirp0_meas": 737570,
  "chirp1_meas": 23808795,
  "chirp0_nominal": 736368,
  "expected_chirp0": 48000,
  "expected_spacing": 23032064,
  "measured_spacing": 23071225,
  "resample_num": 17056,
  "resample_den": 17085,
  "align": 688368,
  "sounder": {
    "noise_floor_dbfs": -51.19064538350328,
    "snr_db_median": 41.114838874864944,
    "flutter_wrms_pct": 0.43354090706491666
  }
}