{
  "clock_ratio": 1.0,
  "speed": 1.0,
  "speed_offset": 0.0,
  "chirp0_meas": 48000,
  "chirp1_meas": 17304928,
  "chirp0_nominal": 48000,
  "expected_chirp0": 48000,
  "expected_spacing": 17256928,
  "measured_spacing": 17256928,
  "resample_num": 1,
  "resample_den": 1,
  "align": 0,
  "sounder": {
    "noise_floor_dbfs": -164.2968742210503,
    "snr_db_median": 126.62627832836155,
    "flutter_wrms_pct": 3.190958024388947e-11
  }
}