{
  "clock_ratio": 1.0000027699340281,
  "speed": 1.0000027699340281,
  "speed_offset": 2.7699340281461815e-06,
  "chirp0_meas": 48002,
  "chirp1_meas": 5102288,
  "chirp0_nominal": 48002,
  "expected_chirp0": 48000,
  "expected_spacing": 5054272,
  "measured_spacing": 5054286,
  "resample_num": 1,
  "resample_den": 1,
  "align": 2,
  "sounder": {
    "noise_floor_dbfs": -56.547097480218405,
    "snr_db_median": 58.909704690526226,
    "flutter_wrms_pct": 0.0815512370502734
  }
}