{
  "clock_ratio": 1.0,
  "speed": 1.0,
  "speed_offset": 0.0,
  "chirp0_meas": 48000,
  "chirp1_meas": 5102272,
  "chirp0_nominal": 48000,
  "expected_chirp0": 48000,
  "expected_spacing": 5054272,
  "measured_spacing": 5054272,
  "resample_num": 1,
  "resample_den": 1,
  "align": 0,
  "sounder": {
    "noise_floor_dbfs": -138.26162846673523,
    "snr_db_median": 126.62482109611842,
    "flutter_wrms_pct": 3.190966227608091e-11
  }
}