{
  "probe": "x9 sim fidelity probes (R6)",
  "flutter": {
    "pilot_hz": 4500.0,
    "dur_s": 20.0,
    "seeds": [
      0,
      1,
      2
    ],
    "sim_aac_off": {
      "jitter_rms_s_by_band": {
        "0_1Hz": 0.0001399342867444832,
        "1_5Hz": 6.714421179240319e-06,
        "5_23.4Hz": 2.3904442510089863e-07,
        "23.4_46.9Hz": 7.05302784143803e-08,
        "46.9_200Hz": 4.325501390907401e-08,
        "total": 0.00014012316821995823
      },
      "tracker_resid_N512_rms_ns": 5579.379780096723,
      "tracker_resid_N1024_rms_ns": 10837.781437504656,
      "phase_noise_deg_N512_at7500": 15.064325406261153,
      "phase_noise_deg_N1024_at7500": 29.26200988126257,
      "psd_trace_hz": [
        0.3662109375,
        0.54931640625,
        0.732421875,
        0.91552734375,
        1.0986328125,
        1.28173828125,
        1.46484375,
        1.64794921875,
        2.01416015625,
        2.38037109375,
        2.74658203125,
        3.2958984375,
        4.0283203125,
        4.7607421875,
        5.67626953125,
        6.77490234375,
        8.056640625,
        9.521484375,
        11.3525390625,
        13.73291015625,
        16.29638671875,
        19.4091796875,
        23.25439453125,
        27.83203125,
        33.3251953125,
        39.9169921875,
        47.607421875,
        56.94580078125,
        68.115234375,
        81.6650390625,
        97.59521484375,
        116.8212890625,
        139.70947265625,
        166.9921875,
        199.951171875
      ],
      "psd_trace_s2hz": [
        1.6763241047925832e-08,
        7.086830999517159e-08,
        1.7760632392337083e-08,
        9.81031796825328e-14,
        5.706476620907519e-14,
        3.047486192109918e-14,
        5.380595819598556e-15,
        4.6418596397481105e-15,
        5.1624132639367634e-15,
        2.6084961572091276e-15,
        1.0467973319894984e-15,
        1.151075569429463e-15,
        3.737379446687423e-15,
        1.8757011432607042e-10,
        2.336137564567646e-15,
        5.970815389686005e-16,
        7.568045823763374e-16,
        5.176446094818172e-16,
        6.429756748474178e-16,
        3.2424287307901187e-16,
        2.761722729209727e-16,
        1.808566652104845e-16,
        3.0664408978499073e-16,
        2.1772699693454885e-16,
        1.0333565657593086e-16,
        1.6223913459674563e-16,
        3.21579419858181e-17,
        7.903600500658106e-18,
        7.743958392154147e-18,
        1.1760201309709755e-17,
        3.969448093613849e-17,
        4.6334923470280647e-17,
        3.746833392272701e-17,
        1.6094496899990655e-18,
        3.320347666324718e-20
      ]
    },
    "sim_aac_on": {
      "jitter_rms_s_by_band": {
        "0_1Hz": 0.00013993385882940082,
        "1_5Hz": 6.714246941069748e-06,
        "5_23.4Hz": 2.3973677406636254e-07,
        "23.4_46.9Hz": 7.284527678406266e-08,
        "46.9_200Hz": 5.581859047535602e-08,
        "total": 0.00014012273741492395
      },
      "tracker_resid_N512_rms_ns": 5579.306165864703,
      "tracker_resid_N1024_rms_ns": 10837.763531298067,
      "phase_noise_deg_N512_at7500": 15.0641266478347,
      "phase_noise_deg_N1024_at7500": 29.26196153450478,
      "psd_trace_hz": [
        0.3662109375,
        0.54931640625,
        0.732421875,
        0.91552734375,
        1.0986328125,
        1.28173828125,
        1.46484375,
        1.64794921875,
        2.01416015625,
        2.38037109375,
        2.74658203125,
        3.2958984375,
        4.0283203125,
        4.7607421875,
        5.67626953125,
        6.77490234375,
        8.056640625,
        9.521484375,
        11.3525390625,
        13.73291015625,
        16.29638671875,
        19.4091796875,
        23.25439453125,
        27.83203125,
        33.3251953125,
        39.9169921875,
        47.607421875,
        56.94580078125,
        68.115234375,
        81.6650390625,
        97.59521484375,
        116.8212890625,
        139.70947265625,
        166.9921875,
        199.951171875
      ],
      "psd_trace_s2hz": [
        1.6762749921264104e-08,
        7.086708158101247e-08,
        1.7759981489282562e-08,
        9.722909235382326e-14,
        5.808619473618876e-14,
        2.97575515427801e-14,
        5.290381091294488e-15,
        4.663602184670907e-15,
        4.92475160309794e-15,
        2.4371636095028055e-15,
        1.1849240081432325e-15,
        1.2021897137763061e-15,
        3.742719452455431e-15,
        1.875301735158648e-10,
        2.275986337672135e-15,
        6.956313623301575e-16,
        7.236669789732029e-16,
        5.895077295817666e-16,
        6.685491435860434e-16,
        3.737869303218663e-16,
        2.2936787471194395e-16,
        1.833290690524151e-16,
        3.197750321159162e-16,
        2.277088991361043e-16,
        6.756934747804219e-17,
        1.482726492937665e-16,
        6.361387036847033e-17,
        8.260839516816302e-18,
        1.8682715674256247e-17,
        1.6033463475680382e-17,
        5.2546814784256223e-17,
        9.124806060952404e-17,
        9.00080180959553e-17,
        1.382224696926658e-18,
        5.407602025714619e-20
      ]
    },
    "real": {
      "available": true,
      "sr": 48000,
      "len_s": 660.7,
      "found_tone": true,
      "window_s": [
        410.0,
        418.0
      ],
      "region_s": [
        300.0,
        540.0
      ],
      "tonality": 0.675,
      "power": 0.0007293883594927712,
      "jitter_rms_s_by_band": {
        "0_1Hz": 0.0008092562427093913,
        "1_5Hz": 0.00017681667331238555,
        "5_23.4Hz": 3.390534612022402e-05,
        "23.4_46.9Hz": 1.111340722985025e-05,
        "46.9_200Hz": 8.885172264997062e-06,
        "total": 0.0008386089965045932
      },
      "tracker_resid_N512_rms_ns": 31350.020168649746,
      "tracker_resid_N1024_rms_ns": 54475.24878476788,
      "phase_noise_deg_N512_at7500": 84.64505445535431,
      "phase_noise_deg_N1024_at7500": 147.08317171887327,
      "psd_trace_hz": [
        0.3662109375,
        0.54931640625,
        0.732421875,
        0.91552734375,
        1.0986328125,
        1.28173828125,
        1.46484375,
        1.64794921875,
        2.01416015625,
        2.38037109375,
        2.74658203125,
        3.2958984375,
        4.0283203125,
        4.7607421875,
        5.67626953125,
        6.77490234375,
        8.056640625,
        9.521484375,
        11.3525390625,
        13.73291015625,
        16.29638671875,
        19.4091796875,
        23.25439453125,
        27.83203125,
        33.3251953125,
        39.9169921875,
        47.607421875,
        56.94580078125,
        68.115234375,
        81.6650390625,
        97.59521484375,
        116.8212890625,
        139.70947265625,
        166.9921875,
        199.951171875
      ],
      "psd_trace_s2hz": [
        1.458928316512961e-06,
        4.2506883893414526e-07,
        2.4779347011327844e-07,
        1.0911299434510393e-07,
        6.211233660701786e-08,
        1.890915666960006e-08,
        4.172231494806233e-08,
        2.1248312025162258e-08,
        9.783204922556026e-09,
        8.992311045397608e-09,
        1.4278594770357751e-09,
        2.152928959030291e-10,
        8.580793723819811e-11,
        5.213382288846422e-10,
        3.501439473938555e-10,
        5.942688050952972e-11,
        1.2380823514564265e-10,
        3.7914435511651205e-12,
        7.048925276419209e-11,
        6.243764705485831e-11,
        1.014213416498787e-11,
        5.953763290193605e-11,
        9.74768787500145e-12,
        1.4059903072764771e-11,
        3.986382064526369e-12,
        7.966934373512112e-16,
        9.591706175813875e-13,
        2.0719265996495756e-12,
        9.928632792201359e-13,
        3.517524873067981e-13,
        4.084678175465259e-14,
        4.934547047868983e-13,
        5.730986024644276e-14,
        2.2069546596168055e-14,
        1.7587934903930296e-13
      ]
    }
  },
  "ici": {
    "N256": {
      "df_hz": 187.5,
      "tone_hz": 4500.0,