{
  "sync": {
    "clock_ratio": 1.0011699212118879,
    "speed": 1.0011699212118879,
    "speed_offset": 0.0011699212118878588,
    "chirp0_meas": 930895,
    "chirp1_meas": 28390471,
    "chirp0_nominal": 929800,
    "expected_chirp0": 48000,
    "expected_spacing": 27427488,
    "measured_spacing": 27459576,
    "resample_num": 17950,
    "resample_den": 17971
  },
  "align": 881800,
  "sounder": {
    "chirp0_align_offset": 881800,
    "noise_floor_rms": 0.0016541092088477388,
    "noise_floor_dbfs": -55.62871641037049,
    "sounder_freqs": [
      300.0,
      318.0,
      336.0,
      356.0,
      377.0,
      399.0,
      423.0,
      448.0,
      474.0,
      502.0,
      531.0,
      563.0,
      596.0,
      631.0,
      668.0,
      707.0,
      749.0,
      793.0,
      840.0,
      889.0,
      941.0,
      997.0,
      1055.0,
      1117.0,
      1183.0,
      1253.0,
      1326.0,
      1405.0,
      1487.0,
      1575.0,
      1667.0,
      1765.0,
      1869.0,
      1979.0,
      2096.0,
      2219.0,
      2350.0,
      2488.0,
      2634.0,
      2789.0,
      2953.0,
      3127.0,
      3311.0,
      3506.0,
      3712.0,
      3931.0,
      4162.0,
      4407.0,
      4666.0,
      4941.0,
      5231.0,
      5539.0,
      5865.0,
      6210.0,
      6575.0,
      6962.0,
      7372.0,
      7806.0,
      8265.0,
      8751.0,
      9266.0,
      9811.0,
      10389.0,
      11000.0
    ],
    "H_db": [
      -0.6422852129788491,
      -0.6422852129788491,
      -1.4385401274285,
      -1.5807520712663317,
      -1.5807520712663317,
      -2.0409400320411257,
      -1.8176500798082231,
      -0.747817502307449,
      -0.49076485931527325,
      -0.49076485931527325,
      -0.5279478046073648,
      -0.3304596432412593,
      -9.643274665532877e-15,
      -5.0717171099999465,
      -1.5964084497055868,
      -0.43713504779730894,
      -0.8610123232046857,
      -2.740388430190557,
      -3.455265149112463,
      -3.6616737163065127,
      -5.559399044443181,
      -7.248756418475115,
      -7.742164251539063,
      -6.707702596293613,
      -6.456498821861709,
      -7.3866441278883475,
      -7.5877958120566245,
      -5.644257940520594,
      -2.427821799916032,
      -4.955840278750109,
      -4.916468083326645,
      -5.443600401852145,
      -6.5107013293580245,
      -9.27511550765122,
      -13.53739392828788,
      -12.860140884153402,
      -9.601300110340006,
      -12.873685027540125,
      -12.158939608911197,
      -12.91438509451449,
      -19.968549638934366,
      -28.02773797478588,
      -20.624552148746396,
      -15.435770940919083,
      -32.94996904364202,
      -13.732714879408956,
      -7.733001574925806,
      -13.83299907154571,
      -24.53624256055347,
      -22.855591932079776,
      -23.987959962967167,
      -40.95180015477071,
      -30.33201635649891,
      -31.848340222907137,
      -40.41671404732655,
      -37.37565961094112,
      -31.72351042199277,
      -27.80087291802748,
      -40.538414453765945,
      -38.81379535264979,
      -44.967682528409085,
      -42.77475419485291,
      -36.35603958108181,
      -29.848420244699255
    ],
    "snr_db_per_tone": [
      39.71998798513005,
      37.644418444223085,
      36.420876852351554,
      38.19700263306841,
      38.41354893413029,
      37.224771244321616,
      38.77194125119249,
      39.12095196599615,
      36.67151100852078,
      36.974556743157365,
      38.287415130772644,
      39.04831883008569,
      40.93416476643875,
      33.98412241374866,
      36.69294598453786,
      37.21070078833064,
      38.43094551786246,
      39.21532251644031,
      40.297789561576785,
      41.1138364703233,
      39.13453788618938,
      36.989179093700045,
      37.39285804250981,
      37.100397542911715,
      39.04531424295278,
      41.64561625231781,
      35.444031290334685,
      37.579472167335915,
      37.927443767269594,
      33.84106239549605,
      30.395494621410208,
      32.02153621563771,
      30.842153689243553,
      32.24800567355673,
      27.45333904002894,
      28.20503882132391,
      36.84284000909688,
      38.47456216701923,
      42.01625608725663,
      46.823694370419474,
      46.12802848013003,
      39.88146941311766,
      40.38587130490008,
      49.356156326000296,
      33.217402499251286,
      40.764254701783244,
      45.77483919851811,
      49.01731382851048,
      43.35961278157596,
      44.16265125464214,
      46.60039339572855,
      34.38725990377434,
      41.91874551580288,
      41.922126394963556,
      38.348996322845906,
      35.42227577247802,
      45.90358619095407,
      42.633169181412654,
      41.91459015595558,
      37.61944422042074,
      35.748406347575646,
      36.226696678106464,
      33.017100526294044,
      35.58720271666516
    ],
    "snr_db_median": 38.318205726809275,
    "snr_db_p10": 33.07719111818122,
    "frac_below_8db": 0.0,
    "flutter_wrms_pct": 0.41018583155542643,
    "recovered_clock_from_tone": 0.9994833197281522
  }
}